4db0ef5803b943bc62cf9a6e0f7b40b5;Seeders/Shop4PluginMigrationSeeder.php
e1b9ba833fa2eae5ce86ea735f13d3ad;.babelrc
74bf8e5f571cac0b9df85d4ff7c6a8fb;CHANGELOG.md
c9f6e33220cf462393c7070cffcfff1a;NOTICE
bdab240d9f8ee3c00116400e934ca225;locale/de-DE/base.mo
efdf0b7b90984a3a2edb35a789f88248;locale/de-DE/base.po
a0445456d7fdf6274dc3f36d6c85b64d;locale/en-GB/base.mo
f36b138cb92f15ae3826dd31855d53e8;locale/en-GB/base.po
c466bfceae7a1c850f00a4bd2c8400db;composer.json
bcc814dcdea7b1904456777943f2b18f;src/Orders/OrderMappingModel.php
3da45aa29a08f869b95627a6e46e5f9a;src/Orders/OrderViewStruct.php
c1f8da0ce57d62d455c5e259c24685d0;src/Orders/OrderMappingEntity.php
8e0682ac5c506aa7ed6bc23a06970633;src/KeyPairs/KeyPairService.php
4a6bd5f25d0487b44b664403d6b0315c;src/KeyPairs/KeyPairModel.php
02ead16397ed114e97dc4a017cf2b30e;src/KeyPairs/KeyPairEntity.php
a3255fc904b7509e171553ea009c9c82;src/ApplePay/ActivateCertificateResource.php
1c8b2fa06b94c2fd1fd098791cb30b60;src/ApplePay/PrivateKeysResource.php
4ad80bac1bc3c0c244426c6dd6279a96;src/ApplePay/CertificateException.php
6703c52f0190cd22bfa1f72d7930fce1;src/ApplePay/CertificationService.php
767ba442de91503e5b6245c2d114a5c7;src/ApplePay/CertificatesResource.php
de87a7cc74d66c4983121d43a48c4797;src/Controllers/PaymentController.php
ed6b02252bb0726e3e39135281489753;src/Controllers/Admin/AdminController.php
1902987773d5d5f5582f0c90198628fd;src/Controllers/Admin/AdminApplePayController.php
e33561bdb1d33decddbddcb83e030ee9;src/Controllers/Admin/AdminSettingsController.php
8c4982325003accca6081c5319ee4825;src/Controllers/Admin/AdminKeyPairsController.php
5827d6899028ef0919847b0fdaafcee0;src/Controllers/Admin/AdminOrdersController.php
21ebbe688e1c2d78e8589131491bd361;src/Controllers/SyncWorkflowController.php
fa5a691923e7f21ba2ddcd5b5822706b;src/Controllers/ApplePayController.php
11b53980ad593ccfc4da61b43ff1fa4e;src/Controllers/SyncController.php
6b557d2f5af216698fad3cbb233f211e;src/Controllers/AjaxResponse.php
cc1c780662e1a85826bafc4dbfef25fc;src/Controllers/Controller.php
f510097b40df90505b40042b0e9b0c07;src/Controllers/HasAjaxResponse.php
6a4f5378cbdae8a8b90a56a9db41aef9;src/Controllers/FrontendOutputController.php
dd581e104187683d8fec2efa4ecd770b;src/Controllers/WebhookController.php
a73ea5c19bab6939e41d81018eb6c8e4;src/Charges/ChargeHandler.php
24bea0a602bf575ea6c7d432587c4fba;src/Charges/ChargeMappingModel.php
20db0d8770933362b0b8b7fa32c18494;src/Charges/ChargeMappingEntity.php
cdd8473949f46c33f6eda27bf3df5df5;src/Utils/Config.php
48830baed39f5710178337ad6d6f8444;src/Utils/TranslatorTrait.php
ff2e8ea1952f33020fe432ab359624d6;src/Utils/JtlLinkHelper.php
45d77592d5be177698832b19d2f84b78;src/Utils/Compatibility.php
4e1879d90f1a57b9c526919337e0de85;src/Utils/SessionHelper.php
d5d5d79ab6d86b5a965cf17240ff601e;src/Utils/JtlLoggerTrait.php
521e61755ca1485bfe834b40a50ac426;src/Utils/Logger.php
a78e5bba0c2635642ab607fbf73b0cea;src/Foundation/EventPayload.php
666e75baf5eddfcf0c50e83a5386bb5d;src/Foundation/ServiceProvider.php
b93684508161f05d1e5ab245170921cf;src/Foundation/EventSubscriber.php
a09b4b6da00f1cd498ddbac5b8c4d051;src/Foundation/Entity.php
fda45f203428056c6676cf83a15b4387;src/Foundation/Seeder.php
65ac9f0dfaadd308128767bb5c0553a3;src/Foundation/JsonSerializableTrait.php
97287cd9117f7b341aefb53cfe00ac64;src/Foundation/Model.php
07e542740aeb10d40b387b86ff17ca15;src/Foundation/Struct.php
8670bbececd78c3c6a8e52dd9105dc1d;src/Webhooks/PaymentEventSubscriber.php
6f67c55f48343fe977839454503b419a;src/Payments/PaymentMethodModuleFactory.php
487dd79e26e4a3f95778eecc0f4e45cd;src/Payments/PaymentHandler.php
d78c74c0918be9b079a8cf4655446589;src/Payments/Traits/HasState.php
1dc91617834a5b508913f5266b6e509a;src/Payments/Traits/HasCustomer.php
54f0fff5386a4145ce981a2c4e24d576;src/Payments/Traits/SupportsB2B.php
aa1212a34a1c3b4f1475e6b439603404;src/Payments/Traits/HasMetadata.php
5aefd466eee6fd9307f5a4226fc9a4ec;src/Payments/Traits/HasBasket.php
85dadc4e055384cf11546247308921f5;src/Payments/Traits/PriceCurrencyConverter.php
eafbb3fd550ede774e80f963759e71ea;src/Payments/Traits/HasPayStatus.php
4358bf25129c1cb3615eb2d37fc63285;src/Payments/Traits/CancelPaymentTransaction.php
7e92f962e6b3493af18618d393feb691;src/Payments/HeidelpayApiAdapter.php
25d79756477865b5c7ac6d4ea26c584c;src/Payments/HeidelpayPaymentMethod.php
b40a39212fa05718f866b4326766043c;src/Payments/Interfaces/RedirectPaymentInterface.php
ab1b1e5c0f257e793786fd8f49b3a9b7;src/Payments/Interfaces/NotificationInterface.php
04525b7293527904b5c527dd5aecbd9b;src/Payments/Interfaces/HandleStepReviewOrderInterface.php
36e5aa72d873a51ef1c3bd79a32acade;src/Payments/Interfaces/HandleStepAdditionalInterface.php
5a17589c176c45aedb1879dc120fcf86;src/Payments/Interfaces/CancelableInterface.php
ac4adca913172393fba84fda8c388a10;src/Payments/Interfaces/PaymentStatusInterface.php
d98195f0c1485f6412b599b3f1581902;src/Payments/Interfaces/HasPayButton.php
d0f2f1110b67eb7ac7e5bcfb6616f85d;info.xml
780b2b8990e8dba5534b2d1fa468c6f3;frontend/webhook.php
d1cefc6592de8b40196a42fe29bf0b90;frontend/js/unzer.js
14347895d75c97975bd9fb96b1045f45;frontend/js/unzer.min.js
31b71988e4e9842199662383cd53004f;frontend/js/unzer.min.js.map
0a55c155b365f45e44a746fb9fadb0c0;frontend/js/unzer.js.map
7d33252335a08f70cdcf96bf75198070;frontend/src/scss/unzer.scss
15112aab51c1133c80096c05759e4008;frontend/src/js/utils/errors.js
cf44e5fa2ae44e1a9756651963bfe755;frontend/src/js/utils/debugging.js
47ca20fc9ed32ccc3789b88ab9c6f5c3;frontend/src/js/utils/types.js
e0f7fef48cb41f84f48b8d74c4e65700;frontend/src/js/payments/applepay.js
2d7423cbab40b379c86b8e7a55c5747b;frontend/src/js/payments/googlepay.js
ec006ece0868adb711ee2fd5dbbbd966;frontend/src/js/payments/applepay_v2.js
af6ab64577fa45987da4b50631d1f8e6;frontend/src/js/payments/general.js
c0d6fea5b6f79b94d5f15234cec4e856;frontend/src/js/payments/instalment.js
58f523f49a1d7f9eafaac13f17f847c5;frontend/src/js/app.js
69e55611331387e2c73e9562b7491fe3;frontend/template/dummy.tpl
8110e4696b7c303cc9b2000bafd6aac6;frontend/template/apple_pay_button.tpl
3e34c443a1d94d22322bdd82673d0dd6;frontend/template/hire_purchase_direct_debit.tpl
e004668796b8fb423635a436abece655;frontend/template/instalment_info.tpl
d41d8cd98f00b204e9800998ecf8427e;frontend/template/webhook.tpl
42c8bff16bd9129f23fd0e7f06225185;frontend/template/partials/payment_info.tpl
b5cfea6ee2dd9b9572e3b7d07ec7b574;frontend/template/partials/change_payment.tpl
ca79740c158847ad33410b9f2d9746c0;frontend/template/partials/_threatMetrix.tpl
29c7b2500aa5666ef30f5de069af6d72;frontend/template/google_pay_button.tpl
280b9703c8fd488aebf961bd9a721cd0;frontend/sync-workflow.php
66af10bb7cc09c698e99036f9150a141;frontend/css/unzer.min.css.map
62b7dab13cc7cc1b754c02405345426d;frontend/css/unzer.min.css
3ed99e2491c35c9bd10085fbbf563db1;paymentmethod/HeidelpayPrzelewy24.php
c33ab12c2ff6b0a4be832b1fd5ccc258;paymentmethod/UnzerTwint.php
96b585ddc78e8c6441df7b160a012680;paymentmethod/UnzerBancontact.php
5a752d9eedf89529bb62131e515ade49;paymentmethod/UnzerApplePay.php
19e3cd123fae1aa360a07d1747e6ecf3;paymentmethod/HeidelpaySofort.php
ff265b66834c64de1f1508dfa15b5de7;paymentmethod/UnzerGooglePay.php
04f239d9194556e5a43ef6c6b6168f43;paymentmethod/HeidelpayGiropay.php
42c7ad35e8af3ad82382186c8298dab9;paymentmethod/images/BSW.svg
e9b9822db699305c6f9210f7a3296d99;paymentmethod/images/Bancontact.svg
fb784caff77782c7565f05dd9f7169c0;paymentmethod/images/GooglePay.svg
deffe706f4a891a574e7cee8de6b270a;paymentmethod/images/EPS.svg
a25d1f684f60c0372468352a886400d5;paymentmethod/images/DirectDebitSecuredWL.svg
9f1aab802b3871c63d4d09bd3da192c3;paymentmethod/images/DirectBankTransferWL.svg
e7fbc85757e1eb0871c754b2c9b58b53;paymentmethod/images/WERO.svg
83be4dbf852592b57ff1e09ec2322000;paymentmethod/images/Maestro.svg
f2e9bceec235785b045ec2425c2132ae;paymentmethod/images/Przelewy24.svg
2a6d8c8faa5efe529264d7ec1d647271;paymentmethod/images/Card.svg
105cc584857fda62a05e01bfc4720c25;paymentmethod/images/SEPA.svg
13ae581ecb97d1b433878157841e6b7b;paymentmethod/images/Unzer.svg
05c4980d25c03be54dbb3c9b9297f0af;paymentmethod/images/Postfinance.svg
a109a629e837814ec51e2fd779bebc74;paymentmethod/images/UnionPay.svg
0905c27f27902dd0e5bbe1c9ba398b83;paymentmethod/images/JCB.svg
021bc5a8d698a489260095fb8818efd3;paymentmethod/images/WeChatPay.svg
b9cdbc0eb6401b4ff48d586303496360;paymentmethod/images/InstalmentWL.svg
52a89f4db375db973578516d1cfb25b4;paymentmethod/images/Girocard.svg
ce4745a7e20bb3bd0ca39aa5b532eb94;paymentmethod/images/PayU.svg
1858e4911c102b5f7dab5abcf9da0daf;paymentmethod/images/Twint.svg
6a25cb09f7ed0d96cad7500bee57ad19;paymentmethod/images/Giropay.svg
36dc54e9a212afc559462b482399025c;paymentmethod/images/Ideal.svg
6be1e109a5d12de65d2c9ac3929d1569;paymentmethod/images/PrepaymentWL.svg
7e71060e52f4b304035ca502969ebe10;paymentmethod/images/Amex.svg
73915245a686ef8ab48e054c73d84d9f;paymentmethod/images/Vpay.svg
1857d98d3decde26435a4589aa934a64;paymentmethod/images/Visa.svg
02a2accc3b4c1e5dcca722a167065d55;paymentmethod/images/Sofort.svg
9b6862348700dd4fe0abe246eba85980;paymentmethod/images/InvoiceWL.svg
97301dfb7f296851b5c3d01f5f1459ce;paymentmethod/images/Discover.svg
8b82b6046395a8521d9a4fc0b32050cc;paymentmethod/images/AVS.svg
8c15e349d78dc6c274cccc4667ff31b2;paymentmethod/images/Paypal.svg
dfff929c0326e124533fd052032f4300;paymentmethod/images/ApplePay.svg
2a261e61b7f07518c8966fed02c263c2;paymentmethod/images/Mastercard.svg
7bad27c8e7b1fce0bc73a511b45cd133;paymentmethod/images/Diners.svg
1341038e6589ce645ddad4a4508e647c;paymentmethod/images/Alipay.svg
eba887c1728b645dd11069641d0f87f0;paymentmethod/images/Klarna.svg
405ab8956305746a8bfe2f10955d367a;paymentmethod/images/Default.svg
c54827f609af6413fd016ba0a734157b;paymentmethod/images/Cash.svg
5a0016ce6c3bee1d745985b077ef9601;paymentmethod/HeidelpayFlexiPayDirect.php
1230412f2ecb13ad6bdec7d5efb263f7;paymentmethod/UnzerApplePayV2.php
1ef765d0ee365680c13dc50356da8aa4;paymentmethod/HeidelpayPrepayment.php
ec0675d513fe14aa3766347ab3fe45ba;paymentmethod/UnzerDirectBankTransfer.php
dbcc0575277980988db941ad8c5119fb;paymentmethod/UnzerPaylaterInstallment.php
48bd0bd6ada6c60c68be29f98872022b;paymentmethod/UnzerPaylaterDirectDebit.php
b620607859a543b6b39a4dd0f8713d10;paymentmethod/HeidelpayInvoice.php
ef681dfaf1a3d16adb00a24d90c9c8f2;paymentmethod/UnzerPaylaterInvoice.php
b4e9f466cbc90886f8b05b52f0d656f3;paymentmethod/HeidelpayPayPal.php
cdb6414c94813a842353d8a5e249b9a6;paymentmethod/template/flexipay_direct_form.tpl
de71ef7ad1d74778d6aefa06353ea7c1;paymentmethod/template/ideal_form.tpl
d41d8cd98f00b204e9800998ecf8427e;paymentmethod/template/google_pay.tpl
8193c2cb2d5121a42e5e7c34f9ed8769;paymentmethod/template/invoice_guaranteed_form.tpl
92e09f450f3f3d14da0662ea07161033;paymentmethod/template/eps_form.tpl
1e4ed2dc988a36f86a57fd02ded6b66d;paymentmethod/template/paypal_form.tpl
90779b7efcb815a0bf66218facccb69a;paymentmethod/template/giropay_form.tpl
684dd20ae3d25753df30f267ca1e8c9e;paymentmethod/template/_footer.tpl
c76a097fc505f67507d64e8dff0a1b45;paymentmethod/template/hire_purchase_direct_debit_form.tpl
5839530871f6fbfd6e5861943c152f0e;paymentmethod/template/invoice_form.tpl
47896c9760ab6be45a8900b8fe2334a4;paymentmethod/template/przelewy24_form.tpl
9c3b804a567b03493dc279840765e8f8;paymentmethod/template/twint.tpl
4e6cef26fb9436237209743867a52c19;paymentmethod/template/applepay.tpl
3541e3aafa172d7fcb1574a64d8930f5;paymentmethod/template/dummy.tpl
ff7a3a7e0d3da675ee0499f5d6ec70d6;paymentmethod/template/sofort_form.tpl
b542a194e71d619c41751b0fdc47ac6f;paymentmethod/template/alipay_form.tpl
5eee7f9cfdd979b167348b081c6de014;paymentmethod/template/invoice_factoring_form.tpl
b95106f7bffc7555d8f14ab20d2280d8;paymentmethod/template/_includes.tpl
9a80a5090efe1774067e1ec2395b619b;paymentmethod/template/prepayment_form.tpl
d0429b27828d177d66fa8e60a6d35e23;paymentmethod/template/wechat_form.tpl
cbaf4ffca012a23d53641d51301bf4e6;paymentmethod/template/paylater_invoice_form.tpl
615c642c2888b93bcc09f8c8defda991;paymentmethod/template/paylater_direct_debit_form.tpl
d858925d3048740ab90330a67c2d687c;paymentmethod/template/bancontact_form.tpl
1d18efdf3f6bab9b18be95738bbf1db1;paymentmethod/template/paylater_installment_form.tpl
d1b3909de9a1c3f25e7f59ba2a00a6c3;paymentmethod/template/sepa_guaranteed_form.tpl
0fbe7ee9a22fcd9ba2711a843ff839b2;paymentmethod/template/credit_card_form.tpl
3b8bdde5974e6a00bcbe8a2c465e99af;paymentmethod/template/sepa_form.tpl
9685e3a81bdee6d28a24435462de42ee;paymentmethod/template/direct_bank_transfer.tpl
b350dcebcc08fd00d7e98673d378b11a;paymentmethod/HeidelpayEPS.php
b67477cee042851e2e5797c69653f459;paymentmethod/HeidelpayAlipay.php
953a8f0ea57476b1a419e92e65685f05;paymentmethod/HeidelpayWeChatPay.php
812e6f62b60227291392eac92a890128;paymentmethod/HeidelpayCreditCard.php
a095149969c4c43ddf150a394ed8df89;paymentmethod/HeidelpayInvoiceFactoring.php
06c7ca404f876cff4874a65d3155dae1;paymentmethod/HeidelpayHirePurchaseDirectDebit.php
d3c122c6611b3fac25a782e1b348c2d3;paymentmethod/HeidelpaySEPADirectDebit.php
c65a3c33c1ee600a39978def51d21510;paymentmethod/HeidelpayInvoiceGuaranteed.php
6e2fc01e330f5f5755e277cf59e274e2;paymentmethod/HeidelpayiDEAL.php
1f91db143a39995cc686619f6c4a882c;paymentmethod/HeidelpaySEPADirectDebitGuaranteed.php
e569da9af0bcb8225ff8f3d6c949f418;apple-developer-merchantid-domain-association
e73740baa8bcab9ac6d47b2a95daa826;jsconfig.json
a7e6375df510a55e0f6b1a4fc8b5d206;Bootstrap.php
c2405627e35992f208ba7281a6490256;adminmenu/scss/admin.scss
ef5d72b877de66653e21bf6cafd03bd5;adminmenu/js/keypairs.js
593e3e1024084fc1ee04e38a3a2e3ad7;adminmenu/js/admin.js
7710b3bcb89205a8fc1840d9be052fd2;adminmenu/js/ordermanagement.js
bd1dee2d300e99d194c69dfb1693075e;adminmenu/template/keypairs.tpl
ea5a5b2dc793ab305fe96a7822ba667d;adminmenu/template/applepay.tpl
dad4062692dbd99b16ae3233b36ec1ec;adminmenu/template/orders.tpl
9d4a1d1d23fa3d9ca1d844a87a2ce34c;adminmenu/template/settings.tpl
e0b9e6894421345360862d2571283a23;adminmenu/template/partials/_header.tpl
e68888b6874c60a42db48e2ead9dba40;adminmenu/template/partials/_keypair_item.tpl
94692a0334d6eeefe4b4806fc5832914;adminmenu/template/partials/_includes.tpl
7fce418366a4acd0f313f00ac2a48901;adminmenu/template/partials/_order_detail.tpl
b7e308e5ff89b5c6d00956183db19a2d;adminmenu/template/partials/_order_item.tpl
50329cc04d18170a2e8f086579a67366;adminmenu/template/partials/_keypair_list.tpl
746bd73bf157393d5d55f4b559a8c6e5;adminmenu/css/admin.css.map
7597a877c5a0775fbaddce1b2ab27eb8;adminmenu/css/admin.css
0803326e9f6e498531fc9e67cfe38303;composer.lock
30e621c301583a4e13928bd8b9a09a9d;.jshintrc
2c62fe5947e6614a783d78e29f531d00;phpmd-ruleset.xml
ea7aa4025fd765d650d31bf1c60e768f;LICENSE
3faed6c0507c6f399d352282db7c777b;Migrations/Migration20201027083900.php
c237fcf06c9da2f07028932e8eb8aa36;Migrations/Migration20230925100000.php
166d9346b496a3a2a2332586e8dcfa44;Migrations/Migration20221006103000.php
cd6d409b4fbd95d76bfe82ab4805a17b;Migrations/Migration20230919100000.php
55ccfd103771065e96f3e482ee49499e;Migrations/Migration20220511114913.php
3012f773b400715a955cffa18c8016e0;vendor/phpseclib/phpseclib/AUTHORS
dd08d7ce34d93812b90e0c83b0830e8e;vendor/phpseclib/phpseclib/composer.json
0b27e2a16f32135b23a3aff85dce4d48;vendor/phpseclib/phpseclib/phpseclib/Crypt/PublicKeyLoader.php
85da87aa04d087e7fd547519ce46719b;vendor/phpseclib/phpseclib/phpseclib/Crypt/EC.php
c276111606c949e7e4fdf24109eefd7c;vendor/phpseclib/phpseclib/phpseclib/Crypt/RC2.php
2a53b02f538e9b20e8cfe9255a1e6db7;vendor/phpseclib/phpseclib/phpseclib/Crypt/DSA.php
56755b036e38082298a949e378e1fecf;vendor/phpseclib/phpseclib/phpseclib/Crypt/Hash.php
9f12631445db8c53b38d9fe6ea8e8b08;vendor/phpseclib/phpseclib/phpseclib/Crypt/RC4.php
ecbdbe82f05e29c0fbe0db2172b573a3;vendor/phpseclib/phpseclib/phpseclib/Crypt/DES.php
20841644093a890e427d544bce7f0085;vendor/phpseclib/phpseclib/phpseclib/Crypt/Salsa20.php
3df894620dc3a8b42945614c57395d1a;vendor/phpseclib/phpseclib/phpseclib/Crypt/Blowfish.php
644f1f0e112096e815bd68f6f71d5e7c;vendor/phpseclib/phpseclib/phpseclib/Crypt/DSA/PublicKey.php
d13d6b04ae692d02854d53176ed9dc3a;vendor/phpseclib/phpseclib/phpseclib/Crypt/DSA/PrivateKey.php
be41f929cc2e3f28ab1ced739e90dd83;vendor/phpseclib/phpseclib/phpseclib/Crypt/DSA/Parameters.php
1c460d71b64a6caa7b043b8b6dc35c74;vendor/phpseclib/phpseclib/phpseclib/Crypt/DSA/Formats/Keys/PuTTY.php
344f0386bf46c3a802d3c9dc77c7b71a;vendor/phpseclib/phpseclib/phpseclib/Crypt/DSA/Formats/Keys/PKCS1.php
3cb89b48d5d9cee6514ff83cfbec5c1d;vendor/phpseclib/phpseclib/phpseclib/Crypt/DSA/Formats/Keys/PKCS8.php
8c110f4548d8af291ef35910be41f42d;vendor/phpseclib/phpseclib/phpseclib/Crypt/DSA/Formats/Keys/OpenSSH.php
544d3076a0df77855ea438bd94495b05;vendor/phpseclib/phpseclib/phpseclib/Crypt/DSA/Formats/Keys/Raw.php
3f7cc67bf4baee83664bb5067d309790;vendor/phpseclib/phpseclib/phpseclib/Crypt/DSA/Formats/Keys/XML.php
ba891ccf588a243c05b78c918989c58b;vendor/phpseclib/phpseclib/phpseclib/Crypt/DSA/Formats/Signature/ASN1.php
d99fdeeb603fdfdaf88ac1ff319ee8bd;vendor/phpseclib/phpseclib/phpseclib/Crypt/DSA/Formats/Signature/SSH2.php
9d94fcf7c2c31ac144ecdcf399122454;vendor/phpseclib/phpseclib/phpseclib/Crypt/DSA/Formats/Signature/Raw.php
952ddccf99135bfda527a81ff7321db8;vendor/phpseclib/phpseclib/phpseclib/Crypt/Rijndael.php
38bb16dd513e0127896e008d861e149f;vendor/phpseclib/phpseclib/phpseclib/Crypt/EC/Curves/prime239v2.php
da8225ff8f61ea4fc723aefc82368c23;vendor/phpseclib/phpseclib/phpseclib/Crypt/EC/Curves/nistk163.php
f99b47e07072dbec9de6e1b9d612c129;vendor/phpseclib/phpseclib/phpseclib/Crypt/EC/Curves/nistp384.php
24284308da3c26af6d6fd576feddfeea;vendor/phpseclib/phpseclib/phpseclib/Crypt/EC/Curves/sect193r1.php
bbefe9f3455fbbe758ccae26f0939732;vendor/phpseclib/phpseclib/phpseclib/Crypt/EC/Curves/prime239v3.php
d625abf16a2d4c93f5502cef4fbeffa1;vendor/phpseclib/phpseclib/phpseclib/Crypt/EC/Curves/nistb233.php
87faeb4ff9edf6e442fb6c233d866b2c;vendor/phpseclib/phpseclib/phpseclib/Crypt/EC/Curves/secp384r1.php
5cae8b66c8b6c549e233d371f702af0f;vendor/phpseclib/phpseclib/phpseclib/Crypt/EC/Curves/secp521r1.php
da7dbaade8adfdff94d3012846b40fe0;vendor/phpseclib/phpseclib/phpseclib/Crypt/EC/Curves/nistp256.php
617693d0796bcdc00a0687b6e9a266a8;vendor/phpseclib/phpseclib/phpseclib/Crypt/EC/Curves/Curve25519.php
2e808c3ad853412ea67d11dc495ba179;vendor/phpseclib/phpseclib/phpseclib/Crypt/EC/Curves/Curve448.php
3e9a642ffccc5aba7e3b139ee02c1fa4;vendor/phpseclib/phpseclib/phpseclib/Crypt/EC/Curves/secp256k1.php
c3f1909add6aaa0b5dbae84ffc789ebc;vendor/phpseclib/phpseclib/phpseclib/Crypt/EC/Curves/brainpoolP512t1.php
0829218146b19bef32bf528866444b0f;vendor/phpseclib/phpseclib/phpseclib/Crypt/EC/Curves/secp160r1.php
cbc5b2ed355020727a357a93d5d67766;vendor/phpseclib/phpseclib/phpseclib/Crypt/EC/Curves/brainpoolP192r1.php
2d5cc3f9fc0c805cb7196ce21845f8b4;vendor/phpseclib/phpseclib/phpseclib/Crypt/EC/Curves/prime192v3.php
83b7013b8de8575c6939236a866ebb66;vendor/phpseclib/phpseclib/phpseclib/Crypt/EC/Curves/nistk283.php
75ed2679c72a374db1c411488e138fc6;vendor/phpseclib/phpseclib/phpseclib/Crypt/EC/Curves/secp128r1.php
3542a0925fc4446ddc94cd3b097a247f;vendor/phpseclib/phpseclib/phpseclib/Crypt/EC/Curves/brainpoolP160r1.php
6a872a8bf1eb0fa8870de4d326185d36;vendor/phpseclib/phpseclib/phpseclib/Crypt/EC/Curves/nistt571.php
44b9ff1e875f430237714e3a11fa21fc;vendor/phpseclib/phpseclib/phpseclib/Crypt/EC/Curves/brainpoolP256t1.php
b0f42b9383e05bee355b9836d68f84bc;vendor/phpseclib/phpseclib/phpseclib/Crypt/EC/Curves/secp192k1.php
1f9c07d32fe997ad6e880bb5e936c52f;vendor/phpseclib/phpseclib/phpseclib/Crypt/EC/Curves/prime192v2.php
203955d4495b242e33d26ef526627424;vendor/phpseclib/phpseclib/phpseclib/Crypt/EC/Curves/sect571r1.php
98b962609db730fc29aba06b8f2b7a3c;vendor/phpseclib/phpseclib/phpseclib/Crypt/EC/Curves/sect283k1.php
8f1392fd67bf9e910523c8ebd4f01ab3;vendor/phpseclib/phpseclib/phpseclib/Crypt/EC/Curves/Ed25519.php
7c49e3fccf9756903be0d48302196b5e;vendor/phpseclib/phpseclib/phpseclib/Crypt/EC/Curves/secp112r2.php
442b2fe179001f65ccf7143697a8ed3d;vendor/phpseclib/phpseclib/phpseclib/Crypt/EC/Curves/secp192r1.php
351072838aa7a4696e8e27d517773060;vendor/phpseclib/phpseclib/phpseclib/Crypt/EC/Curves/secp256r1.php
a4afc0f227d11b9fbe99cc28e38610f9;vendor/phpseclib/phpseclib/phpseclib/Crypt/EC/Curves/brainpoolP384r1.php
bf81a6374cd79a801400f6aae0d4cbbc;vendor/phpseclib/phpseclib/phpseclib/Crypt/EC/Curves/nistk409.php
0fb2a1f09ccde2a66e805e8e2ca4df32;vendor/phpseclib/phpseclib/phpseclib/Crypt/EC/Curves/sect571k1.php
f6fb7890cc2d544e5d438c9e34912a16;vendor/phpseclib/phpseclib/phpseclib/Crypt/EC/Curves/nistb409.php
1fcd67e0de877b8e8f004478eb00eda3;vendor/phpseclib/phpseclib/phpseclib/Crypt/EC/Curves/sect283r1.php
49cd6c2342d868b57a64e81f2ef24561;vendor/phpseclib/phpseclib/phpseclib/Crypt/EC/Curves/nistk233.php
3c309e19339b4bf23b2d0d620eb58306;vendor/phpseclib/phpseclib/phpseclib/Crypt/EC/Curves/sect113r1.php
080094920a7db400cae193fd514e0b53;vendor/phpseclib/phpseclib/phpseclib/Crypt/EC/Curves/sect131r2.php
e948f4a79170fb2d8fb3d3d1f2349cb9;vendor/phpseclib/phpseclib/phpseclib/Crypt/EC/Curves/secp160r2.php
e4f5443afa7520a442c70d0dc06897d0;vendor/phpseclib/phpseclib/phpseclib/Crypt/EC/Curves/sect239k1.php
5569f64fe641f01510994081c23b724e;vendor/phpseclib/phpseclib/phpseclib/Crypt/EC/Curves/nistp192.php
747fabd8969e686a8528d40258dba5de;vendor/phpseclib/phpseclib/phpseclib/Crypt/EC/Curves/sect233r1.php
8c2fe0179015ab6b00830dbc07c91b84;vendor/phpseclib/phpseclib/phpseclib/Crypt/EC/Curves/nistp521.php
7b666317b38a0ac7d32d86f4cb92a194;vendor/phpseclib/phpseclib/phpseclib/Crypt/EC/Curves/brainpoolP320t1.php
dbece4a6c174eca6fa98c08855c8a9b3;vendor/phpseclib/phpseclib/phpseclib/Crypt/EC/Curves/brainpoolP160t1.php
e99d7c70670820a38b271d734c961341;vendor/phpseclib/phpseclib/phpseclib/Crypt/EC/Curves/sect163r2.php
fde54d2b5d2cc88ef7ed182a307e9447;vendor/phpseclib/phpseclib/phpseclib/Crypt/EC/Curves/secp128r2.php
8a6c11c5330fe1577428ef173accd5c6;vendor/phpseclib/phpseclib/phpseclib/Crypt/EC/Curves/Ed448.php
487bc618d40e35490be1750b7fafe1a1;vendor/phpseclib/phpseclib/phpseclib/Crypt/EC/Curves/sect193r2.php
420fd97c6e6395dea3c41ea63a151503;vendor/phpseclib/phpseclib/phpseclib/Crypt/EC/Curves/sect163r1.php
29f5f9c48a9e19eb687fb8cab325c591;vendor/phpseclib/phpseclib/phpseclib/Crypt/EC/Curves/secp224k1.php
af1aafd7e929c39c243eab4db3f764a8;vendor/phpseclib/phpseclib/phpseclib/Crypt/EC/Curves/sect233k1.php
2982b9b3a7534834c313f10ff71e5b22;vendor/phpseclib/phpseclib/phpseclib/Crypt/EC/Curves/sect409k1.php
18d55ee9124467289008c85d0d6e15ab;vendor/phpseclib/phpseclib/phpseclib/Crypt/EC/Curves/secp160k1.php
7654b83eff2a8e616a19ed2304c0036a;vendor/phpseclib/phpseclib/phpseclib/Crypt/EC/Curves/sect113r2.php
abf12e93c8a5744520f0ec11615a3b9f;vendor/phpseclib/phpseclib/phpseclib/Crypt/EC/Curves/brainpoolP224r1.php
fcdcf6d46a29e9ef30a4ad19809e2bdc;vendor/phpseclib/phpseclib/phpseclib/Crypt/EC/Curves/sect409r1.php
209799bf9c7b6e2b9ca7037da44f9121;vendor/phpseclib/phpseclib/phpseclib/Crypt/EC/Curves/secp112r1.php
8519adac393dd5ac2c0654ac581c86cf;vendor/phpseclib/phpseclib/phpseclib/Crypt/EC/Curves/prime239v1.php
639ec2735668d4fe6afa419104f1516b;vendor/phpseclib/phpseclib/phpseclib/Crypt/EC/Curves/prime256v1.php
f79737664973102e8272ef2c11b7e974;vendor/phpseclib/phpseclib/phpseclib/Crypt/EC/Curves/sect131r1.php
f7c40494abfbc18d7918089bb492a3f8;vendor/phpseclib/phpseclib/phpseclib/Crypt/EC/Curves/brainpoolP512r1.php
3bbe42422c625bd09c2654d51a6c3dac;vendor/phpseclib/phpseclib/phpseclib/Crypt/EC/Curves/brainpoolP320r1.php
38637eafa4a763d7769835df2136778c;vendor/phpseclib/phpseclib/phpseclib/Crypt/EC/Curves/sect163k1.php
1355ede54f39a1c17438d44981f2eb88;vendor/phpseclib/phpseclib/phpseclib/Crypt/EC/Curves/nistp224.php
706c4f2d8efdbc0f83676ee608e56d96;vendor/phpseclib/phpseclib/phpseclib/Crypt/EC/Curves/brainpoolP384t1.php
828a3469e1645d813668af13ce87b8d3;vendor/phpseclib/phpseclib/phpseclib/Crypt/EC/Curves/brainpoolP192t1.php
5c5486d4b757d1cd512cdb9a8204ac76;vendor/phpseclib/phpseclib/phpseclib/Crypt/EC/Curves/brainpoolP256r1.php
0ef779ff43f27a189cb3bb68a5823f17;vendor/phpseclib/phpseclib/phpseclib/Crypt/EC/Curves/brainpoolP224t1.php
9a15efda0ba337785d71f9969f835474;vendor/phpseclib/phpseclib/phpseclib/Crypt/EC/Curves/prime192v1.php
25b328f08529a5d4b2b7bc2021d0cdcd;vendor/phpseclib/phpseclib/phpseclib/Crypt/EC/Curves/secp224r1.php
2d2d9357e4a746187945dcb9de8f1826;vendor/phpseclib/phpseclib/phpseclib/Crypt/EC/PublicKey.php
4df973a7460cb77df0b6b9ec2c458168;vendor/phpseclib/phpseclib/phpseclib/Crypt/EC/PrivateKey.php
5ef83b1b672f99a2149ff77c6de5874d;vendor/phpseclib/phpseclib/phpseclib/Crypt/EC/BaseCurves/KoblitzPrime.php
41ed9b9b949e95d36770d172501323af;vendor/phpseclib/phpseclib/phpseclib/Crypt/EC/BaseCurves/Base.php
2eaf938b58ba416921e773e2b34ede01;vendor/phpseclib/phpseclib/phpseclib/Crypt/EC/BaseCurves/TwistedEdwards.php
4a91b8a79e82dac19d832bf968476c9c;vendor/phpseclib/phpseclib/phpseclib/Crypt/EC/BaseCurves/Montgomery.php
4c46d6bd85850b43b523f0aee24c899a;vendor/phpseclib/phpseclib/phpseclib/Crypt/EC/BaseCurves/Prime.php
857030d72a730339bee1d71f16e0a840;vendor/phpseclib/phpseclib/phpseclib/Crypt/EC/BaseCurves/Binary.php
8c0d2120d75748c1877e858264ed2eed;vendor/phpseclib/phpseclib/phpseclib/Crypt/EC/Parameters.php
6e0f3ae71aa2f4211949e8396c4378b8;vendor/phpseclib/phpseclib/phpseclib/Crypt/EC/Formats/Keys/PuTTY.php
323faab72989033c47475e558f680dc7;vendor/phpseclib/phpseclib/phpseclib/Crypt/EC/Formats/Keys/PKCS1.php
4cc7ff2b22efc1d251b589c270f31d82;vendor/phpseclib/phpseclib/phpseclib/Crypt/EC/Formats/Keys/Common.php
156bf91d55de89d961a6755c53e6fa9c;vendor/phpseclib/phpseclib/phpseclib/Crypt/EC/Formats/Keys/libsodium.php
0e4c5a8eaf9cc097a7c6ddf571d7eed3;vendor/phpseclib/phpseclib/phpseclib/Crypt/EC/Formats/Keys/MontgomeryPrivate.php
68746f75dd0f9511fed627f2f63c54f3;vendor/phpseclib/phpseclib/phpseclib/Crypt/EC/Formats/Keys/PKCS8.php
80c8c62adea3c913d884a75a74d3c42b;vendor/phpseclib/phpseclib/phpseclib/Crypt/EC/Formats/Keys/OpenSSH.php
e627a2980cb53542b64b6d9a234ae083;vendor/phpseclib/phpseclib/phpseclib/Crypt/EC/Formats/Keys/MontgomeryPublic.php
9c43bd7d84ea054a996736bf1e06439c;vendor/phpseclib/phpseclib/phpseclib/Crypt/EC/Formats/Keys/JWK.php
147e8d28c7968ae4cab5276e05e029b6;vendor/phpseclib/phpseclib/phpseclib/Crypt/EC/Formats/Keys/XML.php
c15814b88489f84bc7eeafdea9559978;vendor/phpseclib/phpseclib/phpseclib/Crypt/EC/Formats/Signature/IEEE.php
90aa80abd2437b745c92e075750d86a1;vendor/phpseclib/phpseclib/phpseclib/Crypt/EC/Formats/Signature/ASN1.php
c3d6cdb76651ffbc8162f66e0efb393b;vendor/phpseclib/phpseclib/phpseclib/Crypt/EC/Formats/Signature/SSH2.php
243a88eea5b939ace6db9da70b3ebd6f;vendor/phpseclib/phpseclib/phpseclib/Crypt/EC/Formats/Signature/Raw.php
af21a780fc59992b916b419d9e40b2db;vendor/phpseclib/phpseclib/phpseclib/Crypt/Random.php
69f80949b9a90d0cc5e0cf85a3cc6410;vendor/phpseclib/phpseclib/phpseclib/Crypt/DH/PublicKey.php
9088f575e0a162a7ea204b0096ba203d;vendor/phpseclib/phpseclib/phpseclib/Crypt/DH/PrivateKey.php
bf244e3a321ca4b5ff3a7fd6124d890f;vendor/phpseclib/phpseclib/phpseclib/Crypt/DH/Parameters.php
a65e06350f5c66ead4851267d6fe8691;vendor/phpseclib/phpseclib/phpseclib/Crypt/DH/Formats/Keys/PKCS1.php
543a0fad2f9537141cf01ea1e20bea7f;vendor/phpseclib/phpseclib/phpseclib/Crypt/DH/Formats/Keys/PKCS8.php
365e89f10135eb4e3f448e37418a7778;vendor/phpseclib/phpseclib/phpseclib/Crypt/Common/SymmetricKey.php
13e51444d2a368f6f325cd1bc9daa75c;vendor/phpseclib/phpseclib/phpseclib/Crypt/Common/Traits/PasswordProtected.php
448c1f9a32d7d769cc24abf4b906888f;vendor/phpseclib/phpseclib/phpseclib/Crypt/Common/Traits/Fingerprint.php
9413e5062c393230ba5864b0e0c8c846;vendor/phpseclib/phpseclib/phpseclib/Crypt/Common/AsymmetricKey.php
da0259ccb7425aab4d33c9c6dc3e8a8f;vendor/phpseclib/phpseclib/phpseclib/Crypt/Common/StreamCipher.php
be5ec9615271e674d660a46dab540f31;vendor/phpseclib/phpseclib/phpseclib/Crypt/Common/PublicKey.php
8e36169ff0be06f0fde8dcdaec6631ec;vendor/phpseclib/phpseclib/phpseclib/Crypt/Common/PrivateKey.php
0ce1b5e4f8296fd1de88185604288aee;vendor/phpseclib/phpseclib/phpseclib/Crypt/Common/BlockCipher.php
d33a575b78269a7b8ef4049c1fe419b4;vendor/phpseclib/phpseclib/phpseclib/Crypt/Common/Formats/Keys/PuTTY.php
e2a29c354145d8d4a02f7fd90a9a51ec;vendor/phpseclib/phpseclib/phpseclib/Crypt/Common/Formats/Keys/PKCS.php
fec521301d5d0c69fc1e507c13443437;vendor/phpseclib/phpseclib/phpseclib/Crypt/Common/Formats/Keys/PKCS1.php
cdd3833add618c542dfa2b0b19e2ac0b;vendor/phpseclib/phpseclib/phpseclib/Crypt/Common/Formats/Keys/PKCS8.php
dec9bf7e379ae4691a569535e30d2a2a;vendor/phpseclib/phpseclib/phpseclib/Crypt/Common/Formats/Keys/OpenSSH.php
108feeeeb660685a14dbee68506d9ee6;vendor/phpseclib/phpseclib/phpseclib/Crypt/Common/Formats/Keys/JWK.php
fd01c80ae620ff944ad224694f7929a1;vendor/phpseclib/phpseclib/phpseclib/Crypt/Common/Formats/Signature/Raw.php
5194f725a2d76a7c5640c2be2ac80644;vendor/phpseclib/phpseclib/phpseclib/Crypt/TripleDES.php
a8f255a935d49125b9b5fd2203acadef;vendor/phpseclib/phpseclib/phpseclib/Crypt/ChaCha20.php
e4fc93bb39eccef0b46f706e7db14739;vendor/phpseclib/phpseclib/phpseclib/Crypt/Twofish.php
7945aeb4489900fd5e0fb8f10b2cd813;vendor/phpseclib/phpseclib/phpseclib/Crypt/RSA.php
83ca72d0fc0877c6b83d4ef9012c081b;vendor/phpseclib/phpseclib/phpseclib/Crypt/DH.php
cc9c52e18a5bdd5accd3b0342688316a;vendor/phpseclib/phpseclib/phpseclib/Crypt/RSA/PublicKey.php
573ebd3d7592f942607f0f863047a8ec;vendor/phpseclib/phpseclib/phpseclib/Crypt/RSA/PrivateKey.php
6cbf92dad628c1ca3d4153570b61b1a5;vendor/phpseclib/phpseclib/phpseclib/Crypt/RSA/Formats/Keys/PuTTY.php
ba61c7e4abc1508c84d1f67922de6bed;vendor/phpseclib/phpseclib/phpseclib/Crypt/RSA/Formats/Keys/PKCS1.php
4ceeb99d0ec6988cf1e38b5677190eb0;vendor/phpseclib/phpseclib/phpseclib/Crypt/RSA/Formats/Keys/PKCS8.php
bd1be69d327c3385d54fbb4be12a8c49;vendor/phpseclib/phpseclib/phpseclib/Crypt/RSA/Formats/Keys/OpenSSH.php
35dd7d5ab9f357186aab27fa4b5adaec;vendor/phpseclib/phpseclib/phpseclib/Crypt/RSA/Formats/Keys/PSS.php
300c092291bcb0f9810bdfcb03bca8ac;vendor/phpseclib/phpseclib/phpseclib/Crypt/RSA/Formats/Keys/JWK.php
dce1fa9b37bace1cfea1e59fff413c07;vendor/phpseclib/phpseclib/phpseclib/Crypt/RSA/Formats/Keys/Raw.php
5aee20c33f0c4e3152db822c0ff3ad19;vendor/phpseclib/phpseclib/phpseclib/Crypt/RSA/Formats/Keys/XML.php
8828c48533b0ef57291abeffa0c4228f;vendor/phpseclib/phpseclib/phpseclib/Crypt/RSA/Formats/Keys/MSBLOB.php
3fdd8c95b7cffb0e9985d338090b2ba0;vendor/phpseclib/phpseclib/phpseclib/Crypt/AES.php
042e8e610407b41b8a04e2872dedccbb;vendor/phpseclib/phpseclib/phpseclib/Math/BinaryField/Integer.php
61004a74c2489f984d70525830bfff02;vendor/phpseclib/phpseclib/phpseclib/Math/BigInteger.php
341e8c48aa21fd0595325e36d280b026;vendor/phpseclib/phpseclib/phpseclib/Math/BigInteger/Engines/GMP/DefaultEngine.php
d47eb0d3141be93cd6922acb835490cd;vendor/phpseclib/phpseclib/phpseclib/Math/BigInteger/Engines/PHP/Base.php
767cf0757238eaeb02752a08d5a1cb5d;vendor/phpseclib/phpseclib/phpseclib/Math/BigInteger/Engines/PHP/Reductions/PowerOfTwo.php
174222e4a04798b30ef20e223a16bcc8;vendor/phpseclib/phpseclib/phpseclib/Math/BigInteger/Engines/PHP/Reductions/EvalBarrett.php
d8f32f01017420777ca33c5ab42d198d;vendor/phpseclib/phpseclib/phpseclib/Math/BigInteger/Engines/PHP/Reductions/Classic.php
3b424c43f0e14d4b955bf9f0a6ad0925;vendor/phpseclib/phpseclib/phpseclib/Math/BigInteger/Engines/PHP/Reductions/Montgomery.php
0165b2f1b85109d06cdd7a1c197d202e;vendor/phpseclib/phpseclib/phpseclib/Math/BigInteger/Engines/PHP/Reductions/MontgomeryMult.php
30c0a9dfdca537c3b9c6d34b391a110b;vendor/phpseclib/phpseclib/phpseclib/Math/BigInteger/Engines/PHP/Reductions/Barrett.php
494a5e2707ba8f688f4b566f9a24cbd7;vendor/phpseclib/phpseclib/phpseclib/Math/BigInteger/Engines/PHP/OpenSSL.php
b0bdb15defb90d6831c4fe93304b77f2;vendor/phpseclib/phpseclib/phpseclib/Math/BigInteger/Engines/PHP/DefaultEngine.php
4cbcdafb51c872cba4056acc5f6eac8b;vendor/phpseclib/phpseclib/phpseclib/Math/BigInteger/Engines/PHP/Montgomery.php
cbd9ba4467f0da947945995a321edd21;vendor/phpseclib/phpseclib/phpseclib/Math/BigInteger/Engines/OpenSSL.php
9740e434364646d0ae8d98cbbfb8f1d2;vendor/phpseclib/phpseclib/phpseclib/Math/BigInteger/Engines/GMP.php
2f85afb040a330914d1de0c9ae65487f;vendor/phpseclib/phpseclib/phpseclib/Math/BigInteger/Engines/PHP.php
a93ecbf32c182bc4cebd6a7b678ace49;vendor/phpseclib/phpseclib/phpseclib/Math/BigInteger/Engines/BCMath.php
f7b341f7c554b4e54f171e2422fa8b5e;vendor/phpseclib/phpseclib/phpseclib/Math/BigInteger/Engines/PHP64.php
cd487f310c02e392196943e546884f8e;vendor/phpseclib/phpseclib/phpseclib/Math/BigInteger/Engines/PHP32.php
5d71b22893fb33c49b293fb0990022db;vendor/phpseclib/phpseclib/phpseclib/Math/BigInteger/Engines/BCMath/Base.php
e6a1e203eae24d6b8f9ecb3bbe5db192;vendor/phpseclib/phpseclib/phpseclib/Math/BigInteger/Engines/BCMath/Reductions/EvalBarrett.php
b5ad9f072089673f8e6e9609c45490f8;vendor/phpseclib/phpseclib/phpseclib/Math/BigInteger/Engines/BCMath/Reductions/Barrett.php
ff90ba3a9f0c50437fb28123c299f54b;vendor/phpseclib/phpseclib/phpseclib/Math/BigInteger/Engines/BCMath/OpenSSL.php
015ff4bbf9f1f1a7ff93ce629d26e526;vendor/phpseclib/phpseclib/phpseclib/Math/BigInteger/Engines/BCMath/DefaultEngine.php
350d57aea9bab7a2dccfb00cd64b92d9;vendor/phpseclib/phpseclib/phpseclib/Math/BigInteger/Engines/BCMath/BuiltIn.php
e166d4fea4e82f30c931b3baecb52b5b;vendor/phpseclib/phpseclib/phpseclib/Math/BigInteger/Engines/Engine.php
36512abd6cdfe352f637cb76498735b8;vendor/phpseclib/phpseclib/phpseclib/Math/PrimeField.php
8e0f3772662114a3962313d5db474e6e;vendor/phpseclib/phpseclib/phpseclib/Math/Common/FiniteField.php
1fb9bc73e302ba9f215d86d67b3b5d73;vendor/phpseclib/phpseclib/phpseclib/Math/Common/FiniteField/Integer.php
c12b3b9ff2262cf2a61f845e8a05d0d4;vendor/phpseclib/phpseclib/phpseclib/Math/PrimeField/Integer.php
a719268e25333c08ad7353a381b3eeef;vendor/phpseclib/phpseclib/phpseclib/Math/BinaryField.php
1f54340ec38b2caa499aca013bddbc6f;vendor/phpseclib/phpseclib/phpseclib/Common/Functions/Strings.php
3c667b885886bf1f2e885be74fbeb8d2;vendor/phpseclib/phpseclib/phpseclib/Net/SFTP/Stream.php
5ef1d7cf20c235c6c2a172f739e3debc;vendor/phpseclib/phpseclib/phpseclib/Net/SSH2.php
43698fe1e5e2ea432879a1a206cc23f7;vendor/phpseclib/phpseclib/phpseclib/Net/SFTP.php
fa4bab04703bfcb560be4489526b0991;vendor/phpseclib/phpseclib/phpseclib/bootstrap.php
1acfeaf7aaedb9015059615b31774d57;vendor/phpseclib/phpseclib/phpseclib/Exception/TimeoutException.php
fb3bcd58ba318d74117a7c3e05edc63b;vendor/phpseclib/phpseclib/phpseclib/Exception/ConnectionClosedException.php
968f465458abbc8565b5ea43b22021a2;vendor/phpseclib/phpseclib/phpseclib/Exception/InvalidPacketLengthException.php
908d914dd59d848f51b6ef1277e1257b;vendor/phpseclib/phpseclib/phpseclib/Exception/NoKeyLoadedException.php
cf8e7671e5079a6774c35202ae5ff4b4;vendor/phpseclib/phpseclib/phpseclib/Exception/UnableToConnectException.php
0b7d8e736a24ddedf5ed00d3484c8975;vendor/phpseclib/phpseclib/phpseclib/Exception/UnsupportedOperationException.php
09f09eda418a4efb796417e66febbb7d;vendor/phpseclib/phpseclib/phpseclib/Exception/BadDecryptionException.php
e1e2e5e0b7e8cc03abe3ff1acabd24a3;vendor/phpseclib/phpseclib/phpseclib/Exception/UnsupportedCurveException.php
6601a8131d3fa88b4f1ecf2ae6f9a08b;vendor/phpseclib/phpseclib/phpseclib/Exception/InsufficientSetupException.php
272755d560cdec9f3b967cebe533b36d;vendor/phpseclib/phpseclib/phpseclib/Exception/UnsupportedFormatException.php
f4c5e01e7cb2909f26413f789ed81397;vendor/phpseclib/phpseclib/phpseclib/Exception/UnsupportedAlgorithmException.php
2e59658ef3494ba5e506d615e3ae2cf3;vendor/phpseclib/phpseclib/phpseclib/Exception/BadModeException.php
87189e47473849d93fabe1d4fd321afb;vendor/phpseclib/phpseclib/phpseclib/Exception/BadConfigurationException.php
16fede9bcb481f3672ebd0f589e3b1d5;vendor/phpseclib/phpseclib/phpseclib/Exception/InconsistentSetupException.php
49c6c1bac9cae29501299c78431adc3f;vendor/phpseclib/phpseclib/phpseclib/Exception/NoSupportedAlgorithmsException.php
c794ec901f93e22fafcca89bba0af9fa;vendor/phpseclib/phpseclib/phpseclib/Exception/FileNotFoundException.php
b4409823562c617107907cd04d67c8fa;vendor/phpseclib/phpseclib/phpseclib/openssl.cnf
64c983e5d1708fe24f8846e2ebbec7ed;vendor/phpseclib/phpseclib/phpseclib/File/ASN1/Element.php
0b3110ccfe3d413412e7351686f17928;vendor/phpseclib/phpseclib/phpseclib/File/ASN1/Maps/PBKDF2params.php
0f209f3cef3d78eeaf52710d2cf3c01f;vendor/phpseclib/phpseclib/phpseclib/File/ASN1/Maps/ExtensionAttribute.php
2524176ed4c7b37f5ed00fc88d3d6cd1;vendor/phpseclib/phpseclib/phpseclib/File/ASN1/Maps/AttributeValue.php
aebe0974a2406e1b341b13c8f251fcfb;vendor/phpseclib/phpseclib/phpseclib/File/ASN1/Maps/InvalidityDate.php
018bd58600c2545f967ada149fdc68ca;vendor/phpseclib/phpseclib/phpseclib/File/ASN1/Maps/PolicyMappings.php
06f9406651d642326f5d1f3e0861bb9b;vendor/phpseclib/phpseclib/phpseclib/File/ASN1/Maps/PostalAddress.php
486073be0641fabe2390132cd916ab6c;vendor/phpseclib/phpseclib/phpseclib/File/ASN1/Maps/RSAPublicKey.php
13d1f23144be3bc417b9bd3be4fc2e49;vendor/phpseclib/phpseclib/phpseclib/File/ASN1/Maps/PublicKeyAndChallenge.php
c5636595684c29859197d89c2f8acd38;vendor/phpseclib/phpseclib/phpseclib/File/ASN1/Maps/PrivateKeyUsagePeriod.php
59d50d2dbc9b7c167e5d5b0aa4ebb1d8;vendor/phpseclib/phpseclib/phpseclib/File/ASN1/Maps/PBMAC1params.php
a9b6181694e7da3dd5a178f41139bca9;vendor/phpseclib/phpseclib/phpseclib/File/ASN1/Maps/KeyUsage.php
fb74c697dcd01e62cd59d408d99d88b5;vendor/phpseclib/phpseclib/phpseclib/File/ASN1/Maps/PersonalName.php
dfa8b2acb19fddcf861319dce103ae43;vendor/phpseclib/phpseclib/phpseclib/File/ASN1/Maps/netscape_ca_policy_url.php
8c6967130b0428d84e982a3e6b99b332;vendor/phpseclib/phpseclib/phpseclib/File/ASN1/Maps/Certificate.php
8d70f23f39f2f3490cef398b643e5179;vendor/phpseclib/phpseclib/phpseclib/File/ASN1/Maps/FieldElement.php
4cc35583e03f4228111c0677ec85cb9d;vendor/phpseclib/phpseclib/phpseclib/File/ASN1/Maps/CPSuri.php
7a9daece61f228b192fa32ce3b9c635d;vendor/phpseclib/phpseclib/phpseclib/File/ASN1/Maps/PolicyQualifierId.php
6130b35112bbbfea8f893a44a9deacc5;vendor/phpseclib/phpseclib/phpseclib/File/ASN1/Maps/MaskGenAlgorithm.php
df2143e35916b93dc55e50c87dac814c;vendor/phpseclib/phpseclib/phpseclib/File/ASN1/Maps/BuiltInStandardAttributes.php
4c2316cd41eb4ffab5ed7143cc80d29a;vendor/phpseclib/phpseclib/phpseclib/File/ASN1/Maps/OrganizationalUnitNames.php
0b3866b3e071f81f9e73dffe955374d1;vendor/phpseclib/phpseclib/phpseclib/File/ASN1/Maps/AccessDescription.php
6334885e2dddd36c0a9742602de292cd;vendor/phpseclib/phpseclib/phpseclib/File/ASN1/Maps/PolicyQualifierInfo.php
f81cf8651a34662be8f91fe1e819d564;vendor/phpseclib/phpseclib/phpseclib/File/ASN1/Maps/CertificateIssuer.php
b720f10d223e2897692823f96ada6cfe;vendor/phpseclib/phpseclib/phpseclib/File/ASN1/Maps/Name.php
34056973bd648a244aaede99be4a1781;vendor/phpseclib/phpseclib/phpseclib/File/ASN1/Maps/CRLReason.php
e124e64fcfc3edd8b9d48630d5c1e6b4;vendor/phpseclib/phpseclib/phpseclib/File/ASN1/Maps/netscape_cert_type.php
1d88fbf48a13d2772c0ed794c5d70901;vendor/phpseclib/phpseclib/phpseclib/File/ASN1/Maps/RC2CBCParameter.php
166dfc573923b7344b378c9206e740e3;vendor/phpseclib/phpseclib/phpseclib/File/ASN1/Maps/EncryptedPrivateKeyInfo.php
cc705ea2116dddcccd59c0fd592a00f3;vendor/phpseclib/phpseclib/phpseclib/File/ASN1/Maps/Pentanomial.php
0f5d06805a5251427323605150a3e36b;vendor/phpseclib/phpseclib/phpseclib/File/ASN1/Maps/AttributeType.php
1b2257efda1e3fc29522aeafa12b29f6;vendor/phpseclib/phpseclib/phpseclib/File/ASN1/Maps/Prime_p.php
24e0d5620d3fdf876a1c9653b9d74229;vendor/phpseclib/phpseclib/phpseclib/File/ASN1/Maps/CertificationRequestInfo.php
1a5677476394cdef8d890ad22be77e3d;vendor/phpseclib/phpseclib/phpseclib/File/ASN1/Maps/UniqueIdentifier.php
20983528c5bcb7605e57f9ffa2c612e1;vendor/phpseclib/phpseclib/phpseclib/File/ASN1/Maps/HoldInstructionCode.php
aaa623fe6adda5c9a1152c6c1f30f366;vendor/phpseclib/phpseclib/phpseclib/File/ASN1/Maps/NameConstraints.php
3f17f1fe26b4f61cad378f1ac928da0e;vendor/phpseclib/phpseclib/phpseclib/File/ASN1/Maps/CertificateList.php
6b00dddf399d8f4548984a5f17dbed1c;vendor/phpseclib/phpseclib/phpseclib/File/ASN1/Maps/PublicKeyInfo.php
a730a5f5efcaaaa52bc19d2419112a15;vendor/phpseclib/phpseclib/phpseclib/File/ASN1/Maps/ECPoint.php
4e6b480609b060c84575c3370be444e2;vendor/phpseclib/phpseclib/phpseclib/File/ASN1/Maps/Extension.php
0fc7102dc15ea0c19227c02fdf000d64;vendor/phpseclib/phpseclib/phpseclib/File/ASN1/Maps/OrganizationName.php
580587eda7fe2f41047238949bc6e05f;vendor/phpseclib/phpseclib/phpseclib/File/ASN1/Maps/GeneralSubtrees.php
f1560db645e1404815c8ac3ced9e06ae;vendor/phpseclib/phpseclib/phpseclib/File/ASN1/Maps/EncryptedData.php
2b320233cd91cc500f36a721dfba572b;vendor/phpseclib/phpseclib/phpseclib/File/ASN1/Maps/RevokedCertificate.php
d5b73495787cb21456000f0ef716be5f;vendor/phpseclib/phpseclib/phpseclib/File/ASN1/Maps/HashAlgorithm.php
6e0073677464bdba73e44979e5ca2bfd;vendor/phpseclib/phpseclib/phpseclib/File/ASN1/Maps/netscape_comment.php
8b5f3e6094ad69bcf27e3283e7162ebf;vendor/phpseclib/phpseclib/phpseclib/File/ASN1/Maps/DistributionPoint.php
552d4c5f4d8ea3e84bf791c24a406821;vendor/phpseclib/phpseclib/phpseclib/File/ASN1/Maps/RelativeDistinguishedName.php
79ee6ecd46fdb72f77b3cc1e0d8fdfdc;vendor/phpseclib/phpseclib/phpseclib/File/ASN1/Maps/IssuingDistributionPoint.php
01f2574bc5b71ca1e18f45ab25c557db;vendor/phpseclib/phpseclib/phpseclib/File/ASN1/Maps/Attributes.php
da1993023e9ced50784a9728d13cc137;vendor/phpseclib/phpseclib/phpseclib/File/ASN1/Maps/AdministrationDomainName.php
038dbedb444218ebd27ba3a1dab22741;vendor/phpseclib/phpseclib/phpseclib/File/ASN1/Maps/BasicConstraints.php
d5015f0e51482fbc08b01281b1ed8b67;vendor/phpseclib/phpseclib/phpseclib/File/ASN1/Maps/NetworkAddress.php
544271d1b29585b3cb2c66e113f2b525;vendor/phpseclib/phpseclib/phpseclib/File/ASN1/Maps/PBES2params.php
7397a698de460e96dba26b0c7d6432e8;vendor/phpseclib/phpseclib/phpseclib/File/ASN1/Maps/EcdsaSigValue.php
32c6794acb00cc37b07253db2fb0d4db;vendor/phpseclib/phpseclib/phpseclib/File/ASN1/Maps/SubjectDirectoryAttributes.php
092b154b77c1e9b80406d6599eac8424;vendor/phpseclib/phpseclib/phpseclib/File/ASN1/Maps/TBSCertificate.php
3f7317e790640697bfb4bf94a90ab5af;vendor/phpseclib/phpseclib/phpseclib/File/ASN1/Maps/ORAddress.php
0ed7e0943935fc1805bbd938490a390a;vendor/phpseclib/phpseclib/phpseclib/File/ASN1/Maps/OtherPrimeInfo.php
d8e31637cf477a1a8af71a6cc5f30ec6;vendor/phpseclib/phpseclib/phpseclib/File/ASN1/Maps/NoticeReference.php
4e480bb631091cb13c645d1e39c52a6b;vendor/phpseclib/phpseclib/phpseclib/File/ASN1/Maps/Attribute.php
7f94cc64bfdb5afbdd863bf6dc13f9c9;vendor/phpseclib/phpseclib/phpseclib/File/ASN1/Maps/AnotherName.php
06bcd53b348630f61cf655eb74f0543f;vendor/phpseclib/phpseclib/phpseclib/File/ASN1/Maps/AuthorityKeyIdentifier.php
598276c649c38285f6e33c1fcf1d7ffe;vendor/phpseclib/phpseclib/phpseclib/File/ASN1/Maps/PolicyInformation.php
bb997d92c99354c6b0996f7c8d9a7950;vendor/phpseclib/phpseclib/phpseclib/File/ASN1/Maps/Trinomial.php
14b78d9e273bfc39385afb65e9355f4b;vendor/phpseclib/phpseclib/phpseclib/File/ASN1/Maps/PublicKey.php
8da951d3513cc52569a85884e7b958b8;vendor/phpseclib/phpseclib/phpseclib/File/ASN1/Maps/Validity.php
f2c29db9a81dd9fbefde1aa21d36c531;vendor/phpseclib/phpseclib/phpseclib/File/ASN1/Maps/DistributionPointName.php
f148409b7c74951de6c4dfe31c6bae1a;vendor/phpseclib/phpseclib/phpseclib/File/ASN1/Maps/DSAParams.php
8f1fcde461fc26c01de460e0d92d2daa;vendor/phpseclib/phpseclib/phpseclib/File/ASN1/Maps/CertificateSerialNumber.php
730d71ae48811a00a6aa4028e72a924f;vendor/phpseclib/phpseclib/phpseclib/File/ASN1/Maps/SpecifiedECDomain.php
b2accf0fead91437af70dfed36b84b37;vendor/phpseclib/phpseclib/phpseclib/File/ASN1/Maps/ExtKeyUsageSyntax.php
ec3048ba05f543672fe10499b5a978d0;vendor/phpseclib/phpseclib/phpseclib/File/ASN1/Maps/ECPrivateKey.php
41807fce28350e6833cc70544a347998;vendor/phpseclib/phpseclib/phpseclib/File/ASN1/Maps/CertificatePolicies.php
df39e6a018bc274ecc09f25b31d97446;vendor/phpseclib/phpseclib/phpseclib/File/ASN1/Maps/BaseDistance.php
b66027e585838293eb34d1528d6cc719;vendor/phpseclib/phpseclib/phpseclib/File/ASN1/Maps/CountryName.php
dd94a9bd457caa1a7c414a299d8ca58d;vendor/phpseclib/phpseclib/phpseclib/File/ASN1/Maps/ReasonFlags.php
46575fba05d601c423b578a885576f7d;vendor/phpseclib/phpseclib/phpseclib/File/ASN1/Maps/RSAPrivateKey.php
d1bd2cced01e6b7e7ca3792657f2e3de;vendor/phpseclib/phpseclib/phpseclib/File/ASN1/Maps/PrivateDomainName.php
12a592410efd7d2e4a2f25ee85bac965;vendor/phpseclib/phpseclib/phpseclib/File/ASN1/Maps/AuthorityInfoAccessSyntax.php
c3465d3d54648ccbac2941c6cf30a5e7;vendor/phpseclib/phpseclib/phpseclib/File/ASN1/Maps/ExtensionAttributes.php
d155ea666da601f140d6f934328441a7;vendor/phpseclib/phpseclib/phpseclib/File/ASN1/Maps/IssuerAltName.php
c2add47fcbb7bb81dd904917b9bc2db5;vendor/phpseclib/phpseclib/phpseclib/File/ASN1/Maps/PrivateKey.php
737b8e5362304d99643089716e087e20;vendor/phpseclib/phpseclib/phpseclib/File/ASN1/Maps/DSAPrivateKey.php
14d23be22014a34690cd7b677fea089e;vendor/phpseclib/phpseclib/phpseclib/File/ASN1/Maps/NumericUserIdentifier.php
44a23b7563e4ba1f17fa76350ba27752;vendor/phpseclib/phpseclib/phpseclib/File/ASN1/Maps/GeneralNames.php
ff28b293ab3622864bca7d7fae32adc5;vendor/phpseclib/phpseclib/phpseclib/File/ASN1/Maps/Extensions.php
61ca45ae815d87f452d548984999919f;vendor/phpseclib/phpseclib/phpseclib/File/ASN1/Maps/OneAsymmetricKey.php
69b263152ed30995659f98a6b203dbaf;vendor/phpseclib/phpseclib/phpseclib/File/ASN1/Maps/CRLNumber.php
fbfef4de6fa2670fff8b558d854012ff;vendor/phpseclib/phpseclib/phpseclib/File/ASN1/Maps/CertificationRequest.php
3c181aba31ab92fa2c3194bb706087fd;vendor/phpseclib/phpseclib/phpseclib/File/ASN1/Maps/DHParameter.php
054e04b127f11b286405a83a65ec5dca;vendor/phpseclib/phpseclib/phpseclib/File/ASN1/Maps/Curve.php
9e74bec23c36f42a5405b8f062478e21;vendor/phpseclib/phpseclib/phpseclib/File/ASN1/Maps/BuiltInDomainDefinedAttribute.php
4b557d18240b86b3c2cec7447b3a5194;vendor/phpseclib/phpseclib/phpseclib/File/ASN1/Maps/TBSCertList.php
94ee316d5529f2806ea3c6fc4fff7008;vendor/phpseclib/phpseclib/phpseclib/File/ASN1/Maps/OtherPrimeInfos.php
3a497e1c34ed7a69f1b7bc87f6c3b61a;vendor/phpseclib/phpseclib/phpseclib/File/ASN1/Maps/CRLDistributionPoints.php
c17c93631098968e8546448d5dcd285e;vendor/phpseclib/phpseclib/phpseclib/File/ASN1/Maps/PrivateKeyInfo.php
f6750ac4c79a8d1ef3b6c7df5a4e31b9;vendor/phpseclib/phpseclib/phpseclib/File/ASN1/Maps/PKCS9String.php
0db88bcd574c715daac30f4cb028f6d2;vendor/phpseclib/phpseclib/phpseclib/File/ASN1/Maps/DigestInfo.php
b92efe0ec5205532068e18570da2e538;vendor/phpseclib/phpseclib/phpseclib/File/ASN1/Maps/SubjectAltName.php
325d537e0f46ce4e95f44c23f4df51bb;vendor/phpseclib/phpseclib/phpseclib/File/ASN1/Maps/UserNotice.php
4f0962ccb6098cd124649ef8626ea594;vendor/phpseclib/phpseclib/phpseclib/File/ASN1/Maps/SubjectPublicKeyInfo.php
79f7a32bc575189a7598d6bc06e2da27;vendor/phpseclib/phpseclib/phpseclib/File/ASN1/Maps/DSAPublicKey.php
17151c82540d68f113d0d902920dd97f;vendor/phpseclib/phpseclib/phpseclib/File/ASN1/Maps/KeyIdentifier.php
55c95352c8fb4886fa3ed65c9ec6a7d8;vendor/phpseclib/phpseclib/phpseclib/File/ASN1/Maps/EDIPartyName.php
4eb03a107377e96cc1c6a8bdae1a0306;vendor/phpseclib/phpseclib/phpseclib/File/ASN1/Maps/GeneralName.php
eaa517251d762963358c55bda2d9a53e;vendor/phpseclib/phpseclib/phpseclib/File/ASN1/Maps/DirectoryString.php
d22516b4a40ec9b784326b634deeb773;vendor/phpseclib/phpseclib/phpseclib/File/ASN1/Maps/RSASSA_PSS_params.php
fe8a2c96df5e0cf225719a3a294d29e3;vendor/phpseclib/phpseclib/phpseclib/File/ASN1/Maps/TerminalIdentifier.php
4b08ba3bf0ffbd1efb1d9ec848dc5760;vendor/phpseclib/phpseclib/phpseclib/File/ASN1/Maps/PBEParameter.php
45394f96ae7ab7941e7e28ae0d1ea117;vendor/phpseclib/phpseclib/phpseclib/File/ASN1/Maps/DssSigValue.php
f27a741f4b0202e968cbc5429cfd1d3b;vendor/phpseclib/phpseclib/phpseclib/File/ASN1/Maps/DisplayText.php
50b17702d1d1fe9e6fa58dd08b8268c1;vendor/phpseclib/phpseclib/phpseclib/File/ASN1/Maps/BuiltInDomainDefinedAttributes.php
bd8fbbf8091246fc42b0895be9f6d86d;vendor/phpseclib/phpseclib/phpseclib/File/ASN1/Maps/FieldID.php
02a9fd91fbe9461af26579c24c54d751;vendor/phpseclib/phpseclib/phpseclib/File/ASN1/Maps/ECParameters.php
3aebecbe97d0928a6b7c2d30a8e9a539;vendor/phpseclib/phpseclib/phpseclib/File/ASN1/Maps/SubjectInfoAccessSyntax.php
973075b722cd406311a3846b74fbfece;vendor/phpseclib/phpseclib/phpseclib/File/ASN1/Maps/AlgorithmIdentifier.php
e903157db0864e0e9d0eb218fe7cee40;vendor/phpseclib/phpseclib/phpseclib/File/ASN1/Maps/Characteristic_two.php
51f04927004170da330d20d3c74e3437;vendor/phpseclib/phpseclib/phpseclib/File/ASN1/Maps/CertPolicyId.php
27d714c9c4171bf0f0394702dc94324d;vendor/phpseclib/phpseclib/phpseclib/File/ASN1/Maps/RDNSequence.php
46e70358c1bfa408b937f209e5d914a6;vendor/phpseclib/phpseclib/phpseclib/File/ASN1/Maps/Time.php
db8966ae3fe9ce8daf71c85f93156430;vendor/phpseclib/phpseclib/phpseclib/File/ASN1/Maps/GeneralSubtree.php
c3be8b7ac5b69d9aadf0f06d120614f1;vendor/phpseclib/phpseclib/phpseclib/File/ASN1/Maps/SignedPublicKeyAndChallenge.php
d7e9e0859e14bb9dda574364d45297f2;vendor/phpseclib/phpseclib/phpseclib/File/ASN1/Maps/KeyPurposeId.php
caa6b08aa97b7bc1f8c3355c8e0646f7;vendor/phpseclib/phpseclib/phpseclib/File/ASN1/Maps/AttributeTypeAndValue.php
be01c1e368e54acfcae749bb5adbec11;vendor/phpseclib/phpseclib/phpseclib/File/ANSI.php
5c743bf41012c9057dfcf29c0ce74bc7;vendor/phpseclib/phpseclib/phpseclib/File/X509.php
9c330e9177c634e14957fb126cd8323d;vendor/phpseclib/phpseclib/phpseclib/File/ASN1.php
36cc261390c51c0fa66f632955b0dab9;vendor/phpseclib/phpseclib/phpseclib/System/SSH/Agent.php
0c054287acdbdda2d6244fc5ade26b95;vendor/phpseclib/phpseclib/phpseclib/System/SSH/Common/Traits/ReadBytes.php
41b9b94bdfd534ab6ebfb7d0bf8a549a;vendor/phpseclib/phpseclib/phpseclib/System/SSH/Agent/Identity.php
af7368297e479652e6ef808a77702c02;vendor/phpseclib/phpseclib/LICENSE
7c4783c1028e43311e7cf8b23c24e04d;vendor/phpseclib/phpseclib/README.md
280193e7acc99cbd28d43ebacd2fd641;vendor/phpseclib/phpseclib/BACKERS.md
145536c4c9441cf9505709d27d9ace95;vendor/autoload.php
824e49753cf879aa756c9d6fbfe0c863;vendor/composer/autoload_real.php
631b00271668b14aee0447e8e8947507;vendor/composer/autoload_static.php
224007c97efb82c7b45b0e92f240af41;vendor/composer/autoload_namespaces.php
fc18aeec0d3cb369aa3e2b04bf772718;vendor/composer/installed.json
8dd932a7a65010dd3e49368bb2dea609;vendor/composer/platform_check.php
ab90ab9876b52e0fe15a5e5ec32e25b7;vendor/composer/autoload_files.php
182d5924ff0b528f008a83d1f5809d02;vendor/composer/InstalledVersions.php
3fd3dd67703dccf88a94a6216d5e6bad;vendor/composer/installed.php
79512e55245b2a8b64e60c3c1d05ab0e;vendor/composer/autoload_psr4.php
c02be6d96671f88d28aad3ffa134c8ae;vendor/composer/ClassLoader.php
955d5fe58c231244f6b49000f383b5e2;vendor/composer/LICENSE
5615b29a1f5688414d56a1515d954a91;vendor/composer/autoload_classmap.php
d045397c5fda276eb286c147ceb74ee4;vendor/unzerdev/php-sdk/.php-cs-fixer.php
5b3d8c5d8f58417864d61cd9724d18d1;vendor/unzerdev/php-sdk/CHANGELOG.md
cdbe7e4fb996b050423c7232a71bff67;vendor/unzerdev/php-sdk/NOTICE
417e6e42dee83ba2011090b70c0cd90c;vendor/unzerdev/php-sdk/.travis.yml
5b1d4c545c4730184ee6d31e1b62d6d9;vendor/unzerdev/php-sdk/composer.json
aaf5ac4b651d570ea067cd78ab596e96;vendor/unzerdev/php-sdk/src/Validators/ExpiryDateValidator.php
c62a9f0b3664502a49fd27f6cd6919b3;vendor/unzerdev/php-sdk/src/Validators/PublicKeyValidator.php
e648bfec127404941a0a104ac0320272;vendor/unzerdev/php-sdk/src/Validators/PrivateKeyValidator.php
5a1bb71894a0de59dc69baa4f8d2208c;vendor/unzerdev/php-sdk/src/Apis/ApiConfig.php
79d00715e454ca2ecd5cd1c40d00fedc;vendor/unzerdev/php-sdk/src/Apis/Constants/AuthorizationMethods.php
2cc971984b5e289b35fd1d0cf521d3ec;vendor/unzerdev/php-sdk/src/Apis/ApiRequest.php
30626969f60f4698d5f563f170049344;vendor/unzerdev/php-sdk/src/Apis/PaymentApiConfig.php
75c5a444fb0c4ab0a80aed8d2e2967bc;vendor/unzerdev/php-sdk/src/Apis/TokenApiConfig.php
d774026109c5a410f08cdcbad4871723;vendor/unzerdev/php-sdk/src/Apis/PaypageAPIConfig.php
a4d2fcde4cc90b1e230d3a3297b5d6f8;vendor/unzerdev/php-sdk/src/Exceptions/ApplepayMerchantValidationException.php
2292ecd496e1e1884ce1049dc93738cf;vendor/unzerdev/php-sdk/src/Exceptions/UnzerApiException.php
fddc94cb2a266bf4733592dd0359ee94;vendor/unzerdev/php-sdk/src/Traits/HasTraceId.php
039b11be4a88698de499a282baa48b54;vendor/unzerdev/php-sdk/src/Traits/HasRecurrenceType.php
4756231c6d3fc773fab21c0696d05f5f;vendor/unzerdev/php-sdk/src/Traits/CanAuthorize.php
f96d68375a352be1afd3f388c81cfe0e;vendor/unzerdev/php-sdk/src/Traits/HasAdditionalTransactionData.php
6b21bc9b7da3645c328f33cd60c1bf91;vendor/unzerdev/php-sdk/src/Traits/HasDescriptor.php
40a0ac44bb2f6380e5ab490497cde811;vendor/unzerdev/php-sdk/src/Traits/CanPayoutWithCustomer.php
5e55edc6e3024a7630b6939e8329cf08;vendor/unzerdev/php-sdk/src/Traits/HasStates.php
0465ac737efc4aee909fa997920158d9;vendor/unzerdev/php-sdk/src/Traits/HasInvoiceId.php
3e64bef21123225e3d2cbfa2b305019d;vendor/unzerdev/php-sdk/src/Traits/CanPayout.php
a126137e7df6e905abc1a20bd09cdc9b;vendor/unzerdev/php-sdk/src/Traits/IsInvoiceType.php
7ef42b494e7e976b70b6125e4d2a10b2;vendor/unzerdev/php-sdk/src/Traits/HasDate.php
b8f5efd33a451f7d0e2c60043eadbe2d;vendor/unzerdev/php-sdk/src/Traits/CanDirectChargeWithCustomer.php
300bb9c3c5e1f3684f0ce4a692063d5e;vendor/unzerdev/php-sdk/src/Traits/CanDirectCharge.php
b0cfb3b5affe3e8ec580c9a3e1943ee3;vendor/unzerdev/php-sdk/src/Traits/CanAuthorizeWithCustomer.php
3f65cfbd0435d49d4f3aa8d3609db26c;vendor/unzerdev/php-sdk/src/Traits/HasChargebacks.php
21f69911399e99f35dd7d984de9a95d0;vendor/unzerdev/php-sdk/src/Traits/HasPaymentState.php
b1bcff35c6a8409b83567c48ebd9c090;vendor/unzerdev/php-sdk/src/Traits/HasOrderId.php
1bc1b86baf27a38f73200bd7a4064eb2;vendor/unzerdev/php-sdk/src/Traits/HasGeoLocation.php
58dccf5766f3619b338dd4f8803fae4c;vendor/unzerdev/php-sdk/src/Traits/HasUniqueAndShortId.php
84e1de89b2385e79556c2ec21ba086f3;vendor/unzerdev/php-sdk/src/Traits/HasCustomerMessage.php
f0a492f8bfbdff8718ae4c0c5571790b;vendor/unzerdev/php-sdk/src/Traits/HasAccountInformation.php
65256cd7797ae29b4e5df660671cb249;vendor/unzerdev/php-sdk/src/Traits/HasCancellations.php
716d2a9c70693408e2b1ac573971ec61;vendor/unzerdev/php-sdk/src/Traits/CanRecur.php
86812143071f5cf885cef4d0bb79309a;vendor/unzerdev/php-sdk/src/Constants/ExemptionType.php
afcfc9d1619fec0c54b2c3a208cdaa39;vendor/unzerdev/php-sdk/src/Constants/ApplepayValidationDomains.php
0e200a50be01534d35527c06939d1721;vendor/unzerdev/php-sdk/src/Constants/RecurrenceTypes.php
3bb37573a5339db9a5911ffeeb0e85cf;vendor/unzerdev/php-sdk/src/Constants/AdditionalTransactionDataKeys.php
65028456757718c9804212b65ee6bb6a;vendor/unzerdev/php-sdk/src/Constants/LiabilityShiftIndicator.php
2f146fe88f6e1fc021fd221e0520dbfc;vendor/unzerdev/php-sdk/src/Constants/TransactionTypes.php
d6ce87c1b1074bd214c33a699dda1ba4;vendor/unzerdev/php-sdk/src/Constants/PaypageCheckoutTypes.php
c8cd2db011dac68e7b0b34fbc2834cd3;vendor/unzerdev/php-sdk/src/Constants/CompanyCommercialSectorItems.php
dc551df19569c288082c989c2bbf3e85;vendor/unzerdev/php-sdk/src/Constants/ShippingTypes.php
fa20340ec1d1dd99c9645f2ad9e2bfe5;vendor/unzerdev/php-sdk/src/Constants/CompanyTypes.php
87e73ae8768ed9958034e17ddb08407f;vendor/unzerdev/php-sdk/src/Constants/CustomerTypes.php
36d1a80f7177ac150fc5762078ddb55e;vendor/unzerdev/php-sdk/src/Constants/PaymentState.php
1be9773bce45acc914194a978c7e7fba;vendor/unzerdev/php-sdk/src/Constants/CancelReasonCodes.php
e9f968341351755f055d926c21f05adc;vendor/unzerdev/php-sdk/src/Constants/Salutations.php
a7a24a70142f6697186f208cab804afe;vendor/unzerdev/php-sdk/src/Constants/CustomerRegistrationLevel.php
24fd3dfe4fb5793d8e18d49146c1aba2;vendor/unzerdev/php-sdk/src/Constants/CompanyRegistrationTypes.php
a67c8a544a6760a9f5e8a490dae004ca;vendor/unzerdev/php-sdk/src/Constants/AdditionalAttributes.php
e3d540435791c183ea9b85c4dfe068aa;vendor/unzerdev/php-sdk/src/Constants/ApiResponseCodes.php
98b1a747a7cf8967723484dc357435f3;vendor/unzerdev/php-sdk/src/Constants/BasketItemTypes.php
63cc3fe2075668bdd94d9b44ef117c0a;vendor/unzerdev/php-sdk/src/Constants/IdStrings.php
3566859c7e75857511595a9f0525bd45;vendor/unzerdev/php-sdk/src/Constants/TransactionStatus.php
60f0237069f601c8227f62bf0f800c78;vendor/unzerdev/php-sdk/src/Constants/WebhookEvents.php
5984d0444c09208017ef39cf46347aea;vendor/unzerdev/php-sdk/src/Constants/CustomerGroups.php
3b81604a940763fd3ddf7a3df2c67a8d;vendor/unzerdev/php-sdk/src/Unzer.php
7c24252a031e140d8e38cd6025991576;vendor/unzerdev/php-sdk/src/Adapter/ApplepayAdapter.php
8a1b67021d913d68fac94be8543740c1;vendor/unzerdev/php-sdk/src/Adapter/HttpAdapterInterface.php
ba69442aab37fb080d934907c59054f3;vendor/unzerdev/php-sdk/src/Adapter/CurlAdapter.php
ce9878fd925c1e5e1569c27f121cf994;vendor/unzerdev/php-sdk/src/Services/ResourceNameService.php
920f43b23f6a54fab1243adb026bf9fc;vendor/unzerdev/php-sdk/src/Services/HttpService.php
4dc8957cf26214316b9dbf19e9624570;vendor/unzerdev/php-sdk/src/Services/EnvironmentService.php
4d514afbb72bfa892f91b2a32a2a15db;vendor/unzerdev/php-sdk/src/Services/ResourceService.php
589ab70b19b7c6dd426f3e8befaa33c4;vendor/unzerdev/php-sdk/src/Services/CancelService.php
fee46cf2aa323463d70a7a94b4cb55cb;vendor/unzerdev/php-sdk/src/Services/IdService.php
4ce4019e38ebe4df43d7d7795b2bfc9f;vendor/unzerdev/php-sdk/src/Services/PaymentService.php
ae5f057b154780300a9d422e51267c47;vendor/unzerdev/php-sdk/src/Services/ValueService.php
7b29a8c2ee28d54f3351004148027f0f;vendor/unzerdev/php-sdk/src/Services/WebhookService.php
1a775c4544c0a51651a36d766d2730fc;vendor/unzerdev/php-sdk/src/Services/JwtService.php
f0729b1d6b60b4c9577b47b6be4afc58;vendor/unzerdev/php-sdk/src/Resources/Webhook.php
595c41677b4b4e225d2af3e87fc5abe2;vendor/unzerdev/php-sdk/src/Resources/Config.php
a7d177281187488e329194e8a03f3648;vendor/unzerdev/php-sdk/src/Resources/Recurring.php
5b4ac247498e3d7cd778e718c6ce02eb;vendor/unzerdev/php-sdk/src/Resources/EmbeddedResources/Risk.php
8a44e7b39b46559b0a6a665ca64c50e0;vendor/unzerdev/php-sdk/src/Resources/EmbeddedResources/CardDetails.php
de825c3ea26fabbf13d067515d870fa9;vendor/unzerdev/php-sdk/src/Resources/EmbeddedResources/Paylater/InstallmentPlan.php
4495eb8aac4b8813d63ae6693657dbfc;vendor/unzerdev/php-sdk/src/Resources/EmbeddedResources/Paylater/InstallmentPlansQuery.php
3b3caaf88208b087bb5c0f25007395c0;vendor/unzerdev/php-sdk/src/Resources/EmbeddedResources/Paylater/InstallmentRate.php
e42a4d5de10fb6d3ffba642f42fe0720;vendor/unzerdev/php-sdk/src/Resources/EmbeddedResources/ShippingData.php
e640841cde29c0d4f41b39e0f49cdd9b;vendor/unzerdev/php-sdk/src/Resources/EmbeddedResources/Paypage/Urls.php
dad9c291355881099573d7d550407454;vendor/unzerdev/php-sdk/src/Resources/EmbeddedResources/Paypage/PaymentMethodsConfigs.php
817f0f9895c40818f33d68450acfb8dd;vendor/unzerdev/php-sdk/src/Resources/EmbeddedResources/Paypage/Payment.php
3e7494647c2bef02862a48cd86bf9d92;vendor/unzerdev/php-sdk/src/Resources/EmbeddedResources/Paypage/AmountSettings.php
2af8c7aab27933e3e4d0ba1b55baaaa4;vendor/unzerdev/php-sdk/src/Resources/EmbeddedResources/Paypage/PaymentMethodConfig.php
f6fd7cc64eb7683f8c744d48c3624d2d;vendor/unzerdev/php-sdk/src/Resources/EmbeddedResources/Paypage/Resources.php
3496f75e2a923f1be32f9361ef8a025b;vendor/unzerdev/php-sdk/src/Resources/EmbeddedResources/Paypage/Style.php
655b047020b1478ac8447b5ae02c9835;vendor/unzerdev/php-sdk/src/Resources/EmbeddedResources/ApplePayHeader.php
4c5ae19b086aa7ba6487d9538b3d034e;vendor/unzerdev/php-sdk/src/Resources/EmbeddedResources/Address.php
991b1745a5e85730edd024799da8e016;vendor/unzerdev/php-sdk/src/Resources/EmbeddedResources/Amount.php
ae8d4a767083b09b1481c58e34c9775f;vendor/unzerdev/php-sdk/src/Resources/EmbeddedResources/CompanyOwner.php
82328e02d18f11273aa5f07d11353eab;vendor/unzerdev/php-sdk/src/Resources/EmbeddedResources/GeoLocation.php
e73f86ee372813fd11d856a18b6d9cd6;vendor/unzerdev/php-sdk/src/Resources/EmbeddedResources/BasketItem.php
49dbf6c8a912cc4f2038282435e4e953;vendor/unzerdev/php-sdk/src/Resources/EmbeddedResources/CardTransactionData.php
4c2cb0a28dee5fc528cd6ac068bb7b37;vendor/unzerdev/php-sdk/src/Resources/EmbeddedResources/CompanyInfo.php
cbf16109faff0b644e54275047af86a9;vendor/unzerdev/php-sdk/src/Resources/EmbeddedResources/RiskData.php
2ff364cc39fe31d90fbd3450898fabd4;vendor/unzerdev/php-sdk/src/Resources/EmbeddedResources/GooglePay/IntermediateSigningKey.php
e7f5326adeea1b6b609f78b6d9b7dfe8;vendor/unzerdev/php-sdk/src/Resources/EmbeddedResources/GooglePay/SignedKey.php
e64ab4eacee3495c2243e71b6aac2c5f;vendor/unzerdev/php-sdk/src/Resources/EmbeddedResources/GooglePay/SignedMessage.php
2c7b8dc8930b63fcab8d774a2e4a62c6;vendor/unzerdev/php-sdk/src/Resources/EmbeddedResources/Message.php
9572bbbe73f6ecdaf714cca9b222a4ff;vendor/unzerdev/php-sdk/src/Resources/PaymentTypes/EPS.php
ab3bcf66d4c5b8cc334f75a82ebd8683;vendor/unzerdev/php-sdk/src/Resources/PaymentTypes/Applepay.php
c6e0d53b77f9a2d9879754c57eb2cd26;vendor/unzerdev/php-sdk/src/Resources/PaymentTypes/Klarna.php
a266ba5d73c995682b1f4f5b0cead1f7;vendor/unzerdev/php-sdk/src/Resources/PaymentTypes/Invoice.php
ee00ec838b2e0dd341a64f719a68615b;vendor/unzerdev/php-sdk/src/Resources/PaymentTypes/Alipay.php
75d966f428bb969fb8085859ecb236c5;vendor/unzerdev/php-sdk/src/Resources/PaymentTypes/PIS.php
4d6b113ab108ffd71664fd770501120b;vendor/unzerdev/php-sdk/src/Resources/PaymentTypes/SepaDirectDebit.php
3969c1660e11ad35f9725e6c0dd12ff1;vendor/unzerdev/php-sdk/src/Resources/PaymentTypes/Paypal.php
c24930d176f6feb44ebdd8667b78d2a9;vendor/unzerdev/php-sdk/src/Resources/PaymentTypes/Paypage.php
0c8870bce628eb3e970cf59ac88d61e6;vendor/unzerdev/php-sdk/src/Resources/PaymentTypes/Sofort.php
ec35b1c6ab2cea99cf1d2774c550405d;vendor/unzerdev/php-sdk/src/Resources/PaymentTypes/OpenbankingPis.php
f7c1c199cb4fac7526ff49a529d98719;vendor/unzerdev/php-sdk/src/Resources/PaymentTypes/Clicktopay.php
ef86892e52f66de6cee3d0f30fa9128a;vendor/unzerdev/php-sdk/src/Resources/PaymentTypes/Giropay.php
caeb3b948944a85c95b0484d8218c175;vendor/unzerdev/php-sdk/src/Resources/PaymentTypes/SepaDirectDebitSecured.php
4343144ca03d76edb98181cffed2eafe;vendor/unzerdev/php-sdk/src/Resources/PaymentTypes/Card.php
d2c3c6234e1e352bccba121ad10e7a24;vendor/unzerdev/php-sdk/src/Resources/PaymentTypes/PostFinanceEfinance.php
e2ce22946145de9b85e283c635d323e0;vendor/unzerdev/php-sdk/src/Resources/PaymentTypes/PostFinanceCard.php
392d37c4423367f754e24caecba32e06;vendor/unzerdev/php-sdk/src/Resources/PaymentTypes/PaylaterInvoice.php
1b55db74148163d947e8fd47fde31e82;vendor/unzerdev/php-sdk/src/Resources/PaymentTypes/InvoiceSecured.php
212342ab64c844ed009c3aaa0d5a0a1c;vendor/unzerdev/php-sdk/src/Resources/PaymentTypes/Twint.php
63172a04cae62f1f354e58ead710195c;vendor/unzerdev/php-sdk/src/Resources/PaymentTypes/Przelewy24.php
ba97d11cee7cc8c5bef8e2c1454ee2fc;vendor/unzerdev/php-sdk/src/Resources/PaymentTypes/Wechatpay.php
37b66ad974c8a8801edd948542f6455c;vendor/unzerdev/php-sdk/src/Resources/PaymentTypes/InstallmentSecured.php
4bf74aa619be3440b8191f31a4cce12a;vendor/unzerdev/php-sdk/src/Resources/PaymentTypes/PaylaterDirectDebit.php
a33c08a4259aaa5ec636926a3c2de75d;vendor/unzerdev/php-sdk/src/Resources/PaymentTypes/Bancontact.php
202e427f0c83e6e1c07c2b88a63b9ffd;vendor/unzerdev/php-sdk/src/Resources/PaymentTypes/Prepayment.php
aca8b39a8b8b3f99b05f78cef7b526f8;vendor/unzerdev/php-sdk/src/Resources/PaymentTypes/Ideal.php
aeef0a128d084d193928963672d3c8c1;vendor/unzerdev/php-sdk/src/Resources/PaymentTypes/PayU.php
4c180ba257a9f8728c060795c4c8a658;vendor/unzerdev/php-sdk/src/Resources/PaymentTypes/Googlepay.php
a6c87fec5a83254a94dfa8fab1690ba2;vendor/unzerdev/php-sdk/src/Resources/PaymentTypes/BasePaymentType.php
fc44edd342dfa869073c5046d0ad57ef;vendor/unzerdev/php-sdk/src/Resources/PaymentTypes/PaylaterInstallment.php
c980f0dd8167b419e3b16f6a5f065de9;vendor/unzerdev/php-sdk/src/Resources/TransactionTypes/Shipment.php
f3136d43755b11de8b69b61d77f8267b;vendor/unzerdev/php-sdk/src/Resources/TransactionTypes/Payout.php
641ad5e7f2e04a7698a9b32d796bd972;vendor/unzerdev/php-sdk/src/Resources/TransactionTypes/Authorization.php
838230dff07bf7f53ce1d1624e181ba4;vendor/unzerdev/php-sdk/src/Resources/TransactionTypes/PreAuthorization.php
3e06b1c18ff454752a912ebdee766f6f;vendor/unzerdev/php-sdk/src/Resources/TransactionTypes/Cancellation.php
0a621d035991d05c5385e515c62d2824;vendor/unzerdev/php-sdk/src/Resources/TransactionTypes/Charge.php
8496cd275f9affb049ca5e38c0f55414;vendor/unzerdev/php-sdk/src/Resources/TransactionTypes/AbstractTransactionType.php
a0fa8bdf03c1a31440e8b0bf87a75ebf;vendor/unzerdev/php-sdk/src/Resources/TransactionTypes/Chargeback.php
e8072c55c5894fe4cb8df5773da221be;vendor/unzerdev/php-sdk/src/Resources/PaylaterInstallmentPlans.php
51471b1c4608d69f79948fd2479b2105;vendor/unzerdev/php-sdk/src/Resources/Basket.php
57f6d4973adbf7bff9631872bb87386e;vendor/unzerdev/php-sdk/src/Resources/Payment.php
c8bd4d4e5e3f902a29a3237bd3fc1d46;vendor/unzerdev/php-sdk/src/Resources/V2/Paypage.php
9882f597bd321facccdf64f059f3f00d;vendor/unzerdev/php-sdk/src/Resources/Authentication/Token.php
80aba343a244782d1083deecceb47716;vendor/unzerdev/php-sdk/src/Resources/Keypair.php
e0ea3d3be2c06e518d1838ec8d3f9117;vendor/unzerdev/php-sdk/src/Resources/CustomerFactory.php
89e657fa872ca0c6a816fe7b78cf7947;vendor/unzerdev/php-sdk/src/Resources/InstalmentPlans.php
a7ca6bddd5964f87f73beaa4c48cb9e1;vendor/unzerdev/php-sdk/src/Resources/Webhooks.php
371774372219514363a234fcc60bbb39;vendor/unzerdev/php-sdk/src/Resources/Customer.php
ca90f98e9fe1b274bdeefd4c90faaf39;vendor/unzerdev/php-sdk/src/Resources/Metadata.php
41157f5eb51da95ecaf38a2ad86077f5;vendor/unzerdev/php-sdk/src/Resources/InstalmentPlan.php
dd622d8ec6f7c8e4dd46e9d546907d47;vendor/unzerdev/php-sdk/src/Resources/ExternalResources/ApplepaySession.php
3581f01e2b3e07b6465d03454d6882fa;vendor/unzerdev/php-sdk/src/Resources/AbstractUnzerResource.php
ba9fbd4f2392949e3d2113a4f7cbcacf;vendor/unzerdev/php-sdk/src/Interfaces/PaymentServiceInterface.php
143f303f2c68dfc01f13008e1c5ebeef;vendor/unzerdev/php-sdk/src/Interfaces/UnzerParentInterface.php
3b7b1aaba4b2118408105e1acaca6ef4;vendor/unzerdev/php-sdk/src/Interfaces/ResourceServiceInterface.php
454557a6a894225ddf5912e990e8f19e;vendor/unzerdev/php-sdk/src/Interfaces/DebugHandlerInterface.php
1025e786634efa8471c242d9c8bca645;vendor/unzerdev/php-sdk/src/Interfaces/WebhookServiceInterface.php
27241988bef92cb0535cf63af64e6bf0;vendor/unzerdev/php-sdk/src/Interfaces/CancelServiceInterface.php
bd3e22a03fa976e8abc398fec314b13f;vendor/unzerdev/php-sdk/examples/Wechatpay/index.php
dc6730dbb9341a83f105432420dd8154;vendor/unzerdev/php-sdk/examples/Wechatpay/Constants.php
0519e310b01f2b43e1ea1e5d9310fe09;vendor/unzerdev/php-sdk/examples/Wechatpay/Controller.php
a76d52b88652a09937d7038682050863;vendor/unzerdev/php-sdk/examples/InstallmentSecured/confirm.php
16a2494b120b3d450ddcecab28729761;vendor/unzerdev/php-sdk/examples/InstallmentSecured/index.php
ed8f8fbe9cd525b89e733de1bb853052;vendor/unzerdev/php-sdk/examples/InstallmentSecured/Constants.php
fe8e0845e778f184d3050a389f88e839;vendor/unzerdev/php-sdk/examples/InstallmentSecured/Controller.php
ae0cffc2c518bd23df023442836b1108;vendor/unzerdev/php-sdk/examples/InstallmentSecured/PlaceOrderController.php
0c9a618bbc11ca36be71a736a98f35f3;vendor/unzerdev/php-sdk/examples/PaylaterInstallment/index.php
37d1142cabbdf302cf9b3df1801c5460;vendor/unzerdev/php-sdk/examples/PaylaterInstallment/Constants.php
51e26c18002be4cd6189addabe91f72d;vendor/unzerdev/php-sdk/examples/PaylaterInstallment/Controller.php
8cb5ee78a02cba115a4fe35bc23475a6;vendor/unzerdev/php-sdk/examples/PayPal/index.php
a5c911ef89821b89e971d8a1d71b4fd6;vendor/unzerdev/php-sdk/examples/PayPal/Constants.php
2c51d4ca5425e986b47953d665dbb4d9;vendor/unzerdev/php-sdk/examples/PayPal/Controller.php
a3043ae9f18eb481437d7df8f4098a3b;vendor/unzerdev/php-sdk/examples/Create.php
3acde2e3165b3bc005591d39f205b73d;vendor/unzerdev/php-sdk/examples/ExampleDebugHandler.php
01a437987aaf23d73245a42c41ca7e42;vendor/unzerdev/php-sdk/examples/Applepay/index.php
9f641dae8fdb197f4f8fa29cfa0c9ec6;vendor/unzerdev/php-sdk/examples/Applepay/merchantvalidation.php
2d097a547e63d787e233cc4699e1d1ee;vendor/unzerdev/php-sdk/examples/Applepay/Constants.php
d338e238d9243e50414fc26d6d066363;vendor/unzerdev/php-sdk/examples/Applepay/Controller.php
0d38eee366774881698471ce1c0968b1;vendor/unzerdev/php-sdk/examples/Giropay/index.php
aa45b9810c40e3639d904332ba4bdb65;vendor/unzerdev/php-sdk/examples/Giropay/Constants.php
6621d3b4e6aaf38ee58f63722743fe3a;vendor/unzerdev/php-sdk/examples/Giropay/Controller.php
307d6073de7dc22baabf85ecc477e825;vendor/unzerdev/php-sdk/examples/EmbeddedPayPage/index.php
73dea87f72ff2c6310f2df12e35b6e40;vendor/unzerdev/php-sdk/examples/EmbeddedPayPage/Constants.php
5c94a721e33bda216147c924318ef93e;vendor/unzerdev/php-sdk/examples/EmbeddedPayPage/Controller.php
950fca3a056e91ef629ddb2c0c3c114c;vendor/unzerdev/php-sdk/examples/Prepayment/index.php
ffa16e6d2c4fa921fc6622925cf41cd2;vendor/unzerdev/php-sdk/examples/Prepayment/Constants.php
0e9388fc82612bf283e0e8532bc037fa;vendor/unzerdev/php-sdk/examples/Prepayment/Controller.php
9d131ce33d213adfb5b0004e5c70037f;vendor/unzerdev/php-sdk/examples/CardExtended/index.php
8adf35a77d7af1dec397dd7dc76d8697;vendor/unzerdev/php-sdk/examples/CardExtended/Constants.php
3aab93801e52c0ea4114903e3556db09;vendor/unzerdev/php-sdk/examples/CardExtended/Controller.php
906646d73c1d692a92b0cb76914c857a;vendor/unzerdev/php-sdk/examples/IDeal/index.php
ddfb86c5e675c3a8013bc28d57bd3638;vendor/unzerdev/php-sdk/examples/IDeal/Constants.php
a7cc72fc4de836db8b9bdf1fee32faa2;vendor/unzerdev/php-sdk/examples/IDeal/Controller.php
d41d8cd98f00b204e9800998ecf8427e;vendor/unzerdev/php-sdk/examples/log/.gitkeep
6846ae916716e15e1095b45c395b0224;vendor/unzerdev/php-sdk/examples/ReturnController.php
4688c74534c6497900b8981d2b7391e7;vendor/unzerdev/php-sdk/examples/PaylaterDirectDebit/index.php
c9f8958a9bd020098afbf501781f29dc;vendor/unzerdev/php-sdk/examples/PaylaterDirectDebit/Constants.php
acc79008f29098d63d49c84600108a9d;vendor/unzerdev/php-sdk/examples/PaylaterDirectDebit/Controller.php
7b2380c16c55a5e5ac85497e09a387b4;vendor/unzerdev/php-sdk/examples/index.php
814aee0d4e746323eaf9bb52d530da10;vendor/unzerdev/php-sdk/examples/Failure.php
2037adfa9efe5006dfaec7351f100898;vendor/unzerdev/php-sdk/examples/Bancontact/index.php
55db0d1190e5a4fa0832b958e72d55ec;vendor/unzerdev/php-sdk/examples/Bancontact/Constants.php
40845a3153b77c54c9603440ed2bc776;vendor/unzerdev/php-sdk/examples/Bancontact/Controller.php
3a654f081c286b8e5614f66981ee9dff;vendor/unzerdev/php-sdk/examples/Googlepay/index.php
2f24628b28793c9ee3abbbd1150025e6;vendor/unzerdev/php-sdk/examples/Googlepay/Constants.php
e4f2fab83d6fed0c0b6c7eeaeaaa42d2;vendor/unzerdev/php-sdk/examples/Googlepay/Controller.php
affc37b5b216155e42f7ca6bdfa6b3e8;vendor/unzerdev/php-sdk/examples/Przelewy24/index.php
d5b35b6c4ed8e1466ac0747a0556dd12;vendor/unzerdev/php-sdk/examples/Przelewy24/Constants.php
bf407ce3fbd763b8def2fdd6a008f5b0;vendor/unzerdev/php-sdk/examples/Przelewy24/Controller.php
e1a7707b65327d243a1b96cecf6c7ad8;vendor/unzerdev/php-sdk/examples/Backend/CancelPaymentController.php
52bd2bc8fac297ed4f38dde5ceef84b7;vendor/unzerdev/php-sdk/examples/Backend/UpdateTransactionController.php
0693dfa199a79cddf2c2738ca89a8e26;vendor/unzerdev/php-sdk/examples/Backend/Failure.php
45d52eab17bf58b4284cfcbf24b98a48;vendor/unzerdev/php-sdk/examples/Backend/ChargePaymentController.php
e5e3981b9ec8b12cb7a9b3648cf50610;vendor/unzerdev/php-sdk/examples/Backend/ManagePayment.php
192aac5c868941e1344437329fab4e78;vendor/unzerdev/php-sdk/examples/BankTransfer/index.php
4e22cfbc9a5a4eaa76afad1b1742f9ac;vendor/unzerdev/php-sdk/examples/BankTransfer/Constants.php
27c2c76cf1045d487471224e55acd7f9;vendor/unzerdev/php-sdk/examples/BankTransfer/Controller.php
3bc481abda430ecf82d65e315965c9e2;vendor/unzerdev/php-sdk/examples/CardRecurring/RecurringPaymentController.php
1474888045f9d7fa285d25b710987991;vendor/unzerdev/php-sdk/examples/CardRecurring/ReturnController.php
3510be35274448e2330a26a6974857a6;vendor/unzerdev/php-sdk/examples/CardRecurring/index.php
48970422c013e1c96b0149d2ecca781d;vendor/unzerdev/php-sdk/examples/CardRecurring/Constants.php
be6cbec7a2b7bb5befd34cfb350d9864;vendor/unzerdev/php-sdk/examples/CardRecurring/Controller.php
2cb33442bbaed73002a0c423b2ed30c0;vendor/unzerdev/php-sdk/examples/Klarna/index.php
5a55d0966f5f5b87179611226e73b7cc;vendor/unzerdev/php-sdk/examples/Klarna/Constants.php
1b4d0411a0aa88d9ffe7eb76b733967a;vendor/unzerdev/php-sdk/examples/Klarna/Controller.php
4a03f03080b4c42e66111dd0d47e590f;vendor/unzerdev/php-sdk/examples/EPSCharge/index.php
29a32449df2a240cad460522a386570b;vendor/unzerdev/php-sdk/examples/EPSCharge/Constants.php
91c640a180c6a402db48711a0c99aed4;vendor/unzerdev/php-sdk/examples/EPSCharge/Controller.php
de0d52934aaabbd999c690c1ef85c3dc;vendor/unzerdev/php-sdk/examples/HostedPayPage/index.php
f97464738f94449c899141cb4fe89494;vendor/unzerdev/php-sdk/examples/HostedPayPage/Constants.php
d419e69568b59117a9b385db52d5c21c;vendor/unzerdev/php-sdk/examples/HostedPayPage/Controller.php
8214c72f055e115b9ccdadfd2dc45cf8;vendor/unzerdev/php-sdk/examples/Webhooks/index.php
6aa45d3e2e2f7f32cb36f1d6b83b5ff0;vendor/unzerdev/php-sdk/examples/Webhooks/removeAll.php
0853634d5236f403cfafd43b64136b43;vendor/unzerdev/php-sdk/examples/Webhooks/Constants.php
774708b66b18445ddbfa6fce083d56b0;vendor/unzerdev/php-sdk/examples/Webhooks/Controller.php
cdab17c99967ca858d885500e697f475;vendor/unzerdev/php-sdk/examples/Webhooks/fetchAll.php
c1c5a14b36b9d911f5a0e978556dc71c;vendor/unzerdev/php-sdk/examples/Card/index.php
1c8bd6167194fe61e892cefc91be110c;vendor/unzerdev/php-sdk/examples/Card/Constants.php
4955ecabe104487668bfca42231656fc;vendor/unzerdev/php-sdk/examples/Card/Controller.php
53f9d1e23eb9392aa48f106dc5b7a710;vendor/unzerdev/php-sdk/examples/PayPalRecurring/ReturnController.php
5379ca5f7588b0d9b3a112ffa2a4f029;vendor/unzerdev/php-sdk/examples/PayPalRecurring/index.php
b9ce34ef5b92f4e348a954255c78d0cd;vendor/unzerdev/php-sdk/examples/PayPalRecurring/Constants.php
4fd3e937b7202a679b6e16f6928f33e0;vendor/unzerdev/php-sdk/examples/PayPalRecurring/Controller.php
1a41bd1362842418aa506abac208c0cf;vendor/unzerdev/php-sdk/examples/PostFinanceCard/index.php
75b72c92b40aaa7271529d6e01a5ba30;vendor/unzerdev/php-sdk/examples/PostFinanceCard/Constants.php
5bf2afe121d863f0c93bacc89ce61ac2;vendor/unzerdev/php-sdk/examples/PostFinanceCard/Controller.php
1b79e1322891467beccfac24cb51cc7d;vendor/unzerdev/php-sdk/examples/Alipay/index.php
51a8a0e0810cac44c5f80d0b74921dbd;vendor/unzerdev/php-sdk/examples/Alipay/Constants.php
6b67a3dc5c7127d49a8710e15c6a62f9;vendor/unzerdev/php-sdk/examples/Alipay/Controller.php
861bbeca98eda8ed34df0eb9fc8bb8fd;vendor/unzerdev/php-sdk/examples/Invoice/index.php
5f6008cfdb1d32df410370768cdfff70;vendor/unzerdev/php-sdk/examples/Invoice/Constants.php
5b26cd823a668c580ae640024fe47310;vendor/unzerdev/php-sdk/examples/Invoice/Controller.php
19eaf1eca97c7470db192d30d800f5f0;vendor/unzerdev/php-sdk/examples/Sofort/index.php
278e7cafc5662e39d9f8c2c0aef31cc3;vendor/unzerdev/php-sdk/examples/Sofort/Constants.php
324bcbbcfcc571061ff6e9642db62db9;vendor/unzerdev/php-sdk/examples/Sofort/Controller.php
e62240de2dcf93a444667736066c7c2b;vendor/unzerdev/php-sdk/examples/Success.php
9a99064bb07fdec470e6ee441ca7ae1c;vendor/unzerdev/php-sdk/examples/PostFinanceEfinance/index.php
a3adb9f3e4779e48d3cb666e50478c7f;vendor/unzerdev/php-sdk/examples/PostFinanceEfinance/Constants.php
8794e4e62f08f5b63d84e8fbbba23492;vendor/unzerdev/php-sdk/examples/PostFinanceEfinance/Controller.php
c335a1c516e59f60d54681fb2725d209;vendor/unzerdev/php-sdk/examples/Constants.php
87171c57ae02ef67558a56cec38f2585;vendor/unzerdev/php-sdk/examples/_enableExamples.php
c86d8b149608b06cfc857dfd48613fdd;vendor/unzerdev/php-sdk/examples/PaylaterInvoice/index.php
1368534a464a8258c8d850a74dc7a7f3;vendor/unzerdev/php-sdk/examples/PaylaterInvoice/Constants.php
bd695aaaeff03021acb4366d9d7ca02d;vendor/unzerdev/php-sdk/examples/PaylaterInvoice/Controller.php
e722f85ab4896350b7d3e6b11e016a61;vendor/unzerdev/php-sdk/examples/Pending.php
ba787a69bd974095081b723e82bb00bd;vendor/unzerdev/php-sdk/examples/SepaDirectDebitSecured/index.php
ad6099549a5a5184f955a0d759a71fe3;vendor/unzerdev/php-sdk/examples/SepaDirectDebitSecured/Constants.php
b592a73724b26b9f1b31130e8b39ecfe;vendor/unzerdev/php-sdk/examples/SepaDirectDebitSecured/Controller.php
69f87f36973f62a9fa90368c7c03ca2e;vendor/unzerdev/php-sdk/examples/InvoiceSecured/index.php
63290e8bac8bb80a0d023dd7db6f4b86;vendor/unzerdev/php-sdk/examples/InvoiceSecured/Constants.php
24f46fdd6328284b16d6722bf66f7edc;vendor/unzerdev/php-sdk/examples/InvoiceSecured/Controller.php
48470c89a5af7c0c39b3075d1b72f7b7;vendor/unzerdev/php-sdk/examples/PayU/index.php
96bbe1b21f8d2ffd5abe4d121d6211bf;vendor/unzerdev/php-sdk/examples/PayU/Constants.php
83bee2a56f9ec61960049122404e6da7;vendor/unzerdev/php-sdk/examples/PayU/Controller.php
42215678dd84b72ae4592d6ff273a5a4;vendor/unzerdev/php-sdk/.gitignore
9e9f49ec809ad456b453410ef1785548;vendor/unzerdev/php-sdk/.codacy.yml
285a85e6e41f2280105391b2c2eb419a;vendor/unzerdev/php-sdk/.github/CODEOWNERS
334bdebaaac275bb9e6d71b7fec6ffd6;vendor/unzerdev/php-sdk/.github/workflows/integration-tests.yml
e774a6ac03dc87705a34dd6d7f3c12a5;vendor/unzerdev/php-sdk/.github/workflows/release.yml
fcaa877ac215df25e0d42b84944bebfb;vendor/unzerdev/php-sdk/.github/workflows/test-group.yml
0799824a1dc8b58b5b2386c1908c5384;vendor/unzerdev/php-sdk/.github/workflows/security-scan.yaml
fa04e71dfaaf414b6cfb5346dfa90dbe;vendor/unzerdev/php-sdk/.github/workflows/unit-tests.yml
d51675285e38b187ec6501184c62e639;vendor/unzerdev/php-sdk/.github/workflows/validate-pull-request.yaml
46d029825edf473241d92ecac3c3c99f;vendor/unzerdev/php-sdk/.github/workflows/pre-release.yml
30f2e8cb9ff544ae1b23029783424b16;vendor/unzerdev/php-sdk/test/TestDebugHandler.php
314bb6cbc91ae0faaf02ff1b2821bfb8;vendor/unzerdev/php-sdk/test/script/travis_script.sh
70ef6a7fad822e87e32cdfe683f62ac3;vendor/unzerdev/php-sdk/test/script/travis_install.sh
e6009559810422621dcb5e66dd13246a;vendor/unzerdev/php-sdk/test/script/travis_before_install.sh
4d30b8fd445b436492aa726177b2f3be;vendor/unzerdev/php-sdk/test/BaseIntegrationTest.php
f8f15b6e3f16a292aec754dd2f758ae7;vendor/unzerdev/php-sdk/test/Helper/TestEnvironmentService.php
6388bc18267e56c86dbf3d5e2c573eef;vendor/unzerdev/php-sdk/test/unit/Validators/PrivateKeyValidatorTest.php
77b39e3628586ecb233716c71ff7a9b2;vendor/unzerdev/php-sdk/test/unit/Validators/PublicKeyValidatorTest.php
ac839c86ae72500cc78d6b746c841d27;vendor/unzerdev/php-sdk/test/unit/Exceptions/UnzerApiExceptionTest.php
d34504e9be1f5229ef580ae8854d624a;vendor/unzerdev/php-sdk/test/unit/Traits/TraitDummyHasInvoiceId.php
29c7077b007e8cad8ba42de17450c095;vendor/unzerdev/php-sdk/test/unit/Traits/HasRecurrenceTypeTest.php
bc01d18c0445c158a8d314d2187d1e9f;vendor/unzerdev/php-sdk/test/unit/Traits/HasInvoiceIdTest.php
12849dcb66fa88212cd51dfe7cddeca6;vendor/unzerdev/php-sdk/test/unit/Traits/CanAuthorizeWithCustomerTest.php
0410e941df4dd48bbc29f22fe02637b2;vendor/unzerdev/php-sdk/test/unit/Traits/CanPayoutWithCustomerTest.php
92a315089935822096a78d7cc94c7bee;vendor/unzerdev/php-sdk/test/unit/Traits/TraitDummyWithCustomerWithoutParentIF.php
4a6b10450b3ee2d20665dfc81fff411c;vendor/unzerdev/php-sdk/test/unit/Traits/TraitDummyHasCancellationsHasPaymentState.php
98956121a6e13a0a3759200518b55096;vendor/unzerdev/php-sdk/test/unit/Traits/TraitDummyWithCustomerWithParentIF.php
3724e8453a135d67a318f794aff70683;vendor/unzerdev/php-sdk/test/unit/Traits/CanPayoutTest.php
f9fe107a4fdf8b3b9bf284d3c74933d5;vendor/unzerdev/php-sdk/test/unit/Traits/HasCancellationsTest.php
807744ecd5089cea9a21fdea76a05e6c;vendor/unzerdev/php-sdk/test/unit/Traits/HasPaymentStateTest.php
95344d933655b2271d44488feb2e4334;vendor/unzerdev/php-sdk/test/unit/Traits/CanDirectChargeTest.php
5af33f72f2a7e42dfc004994c1175281;vendor/unzerdev/php-sdk/test/unit/Traits/CanRecurTest.php
40d14a45bebd8533063e9eaa7dabe1c3;vendor/unzerdev/php-sdk/test/unit/Traits/CanDirectChargeWithCustomerTest.php
30809c49ef6d01af19fd84d36069188d;vendor/unzerdev/php-sdk/test/unit/Traits/TraitDummyCanRecur.php
a19ff095975b417955aec986134b7fda;vendor/unzerdev/php-sdk/test/unit/Traits/TraitDummyWithoutCustomerWithParentIF.php
f581b544c8f3acfef8c57cdb13d4a20c;vendor/unzerdev/php-sdk/test/unit/Traits/TraitDummyHasAdditionalTransactionData.php
b21b9052e61a51fa63c3445bd073e507;vendor/unzerdev/php-sdk/test/unit/Traits/TraitDummyWithoutCustomerWithoutParentIF.php
8e7e28f0baadc6eac2e35410cda2f7d7;vendor/unzerdev/php-sdk/test/unit/Traits/HasAdditionalTransactionDataTest.php
0b741be068256b38c9e0db38c2fe07c0;vendor/unzerdev/php-sdk/test/unit/Traits/TraitDummyCanRecurNonResource.php
c93744473a49c75ea8c66782f1f5eb64;vendor/unzerdev/php-sdk/test/unit/Traits/CanAuthorizeTest.php
2fa39e3f3394da5860a88ec23c586553;vendor/unzerdev/php-sdk/test/unit/Constants/PaymentStateTest.php
3506ff4007bb51bf218ac7fd08160564;vendor/unzerdev/php-sdk/test/unit/UnzerTest.php
2326f4bd5d26ead1710d780114fe9ffb;vendor/unzerdev/php-sdk/test/unit/Adapter/ApplepaySessionTest.php
9e016f02a1b73683f1efbb7a8bbbb0bb;vendor/unzerdev/php-sdk/test/unit/Services/ResourceServiceTest.php
9b86dd7a5798109211e4bba3eb70c5e7;vendor/unzerdev/php-sdk/test/unit/Services/DummyDebugHandler.php
4d8a94a1783075d3193ef964874711dd;vendor/unzerdev/php-sdk/test/unit/Services/CancelServiceTest.php
828450cf3e68bc204d592b1b41dd2246;vendor/unzerdev/php-sdk/test/unit/Services/PaymentServiceTest.php
66acfe236eb7dcb1b2fa73c70b3d7ca5;vendor/unzerdev/php-sdk/test/unit/Services/ResourceNameServiceTest.php
5fb399f6993314066a7fb99bd6158b03;vendor/unzerdev/php-sdk/test/unit/Services/HttpServiceTest.php
71a1f7bcda720fa61ef63a88e05bcf95;vendor/unzerdev/php-sdk/test/unit/Services/EnvironmentServiceTest.php
65bc804cb1f02fa28b5deb2e1502be02;vendor/unzerdev/php-sdk/test/unit/Services/DummyAdapter.php
19faed6f4d6d88ab787808229a7a0d7e;vendor/unzerdev/php-sdk/test/unit/Services/WebhooksServiceTest.php
db440982ec14bd99d4ba4a746fd7e554;vendor/unzerdev/php-sdk/test/unit/Resources/PaymentTest.php
8cc83f9a6a17f59e78e3543d06cdc281;vendor/unzerdev/php-sdk/test/unit/Resources/EmbeddedResources/AmountTest.php
bd84f592f09277ac484916baad34f707;vendor/unzerdev/php-sdk/test/unit/Resources/EmbeddedResources/RiskDataTest.php
0eacfdc419922d3631fe1b8b782ab66d;vendor/unzerdev/php-sdk/test/unit/Resources/EmbeddedResources/ShippingDataTest.php
6559cc82a56bd78a5a9c5879f3d2e52a;vendor/unzerdev/php-sdk/test/unit/Resources/EmbeddedResources/ApplePayHeaderTest.php
a7044892756617ae8f3fff91bb4ed725;vendor/unzerdev/php-sdk/test/unit/Resources/EmbeddedResources/BasketItemTest.php
1ef19adc7d170b6c2491f4b3d2bae499;vendor/unzerdev/php-sdk/test/unit/Resources/EmbeddedResources/GeoLocationTest.php
c4e359dfd0f69695c897d06176ef102f;vendor/unzerdev/php-sdk/test/unit/Resources/EmbeddedResources/CompanyOwnerTest.php
83b1e65dc83b3d78903c558557257a4b;vendor/unzerdev/php-sdk/test/unit/Resources/PaymentTypes/PayPalTest.php
06f1752d64930c552c3a451cc4a57251;vendor/unzerdev/php-sdk/test/unit/Resources/PaymentTypes/InstallmentSecuredTest.php
ccfdad0c2495239e954efdbe97fc1b59;vendor/unzerdev/php-sdk/test/unit/Resources/PaymentTypes/SofortTest.php
1d00a3f368a262cdf975837a6ddb60e8;vendor/unzerdev/php-sdk/test/unit/Resources/PaymentTypes/EPSTest.php
e41eddfcc7b808bdd200ddc16127459b;vendor/unzerdev/php-sdk/test/unit/Resources/PaymentTypes/CardTest.php
c44c5a6a4546a2b1dbbc14539092674e;vendor/unzerdev/php-sdk/test/unit/Resources/PaymentTypes/PaylaterInstallmentTest.php
eff9f9980bc26f1d9c5ec0e19443904b;vendor/unzerdev/php-sdk/test/unit/Resources/PaymentTypes/IdealTest.php
7ba5fa9e749fbbcacdf8d30cfba7210c;vendor/unzerdev/php-sdk/test/unit/Resources/PaymentTypes/SepaDirectDebitTest.php
e0efa778991fd3809dbb0a132956f5fe;vendor/unzerdev/php-sdk/test/unit/Resources/PaymentTypes/GooglePayTest.php
de4c232e22e965ad192d625162b3b76c;vendor/unzerdev/php-sdk/test/unit/Resources/PaymentTypes/BancontactTest.php
0da756d46ed49ffef0a5b4da7452a6fa;vendor/unzerdev/php-sdk/test/unit/Resources/PaymentTypes/SepaDirectDebitSecuredTest.php
bb586fb50cb8a6484109994a645b93b4;vendor/unzerdev/php-sdk/test/unit/Resources/PaymentTypes/PaylaterDirectDebitTest.php
a686a67c3d2c0a3aefe45c4f3007dc4d;vendor/unzerdev/php-sdk/test/unit/Resources/PaymentTypes/PayPageTest.php
c52f3ba3c29359f7dbc806619a92b04c;vendor/unzerdev/php-sdk/test/unit/Resources/PaymentTypes/OpenBankingTest.php
4dea550f16a5bdfc1eb0a75a64fd3849;vendor/unzerdev/php-sdk/test/unit/Resources/PaymentTypes/ClickToPayTest.php
991e67d34caeaf4a02cd2eb1d3969f21;vendor/unzerdev/php-sdk/test/unit/Resources/PaymentTypes/ApplePayTest.php
6eace4b958db3596599532557f5e1a33;vendor/unzerdev/php-sdk/test/unit/Resources/AbstractUnzerResourceTest.php
c95c7d800a8d15fb66277cbfeb21b220;vendor/unzerdev/php-sdk/test/unit/Resources/TransactionTypes/ChargebackTest.php
036e99aad2e09e82c96c9d2de1183535;vendor/unzerdev/php-sdk/test/unit/Resources/TransactionTypes/PayoutTest.php
fac208735ce2184117af0cbf4c677215;vendor/unzerdev/php-sdk/test/unit/Resources/TransactionTypes/ShipmentTest.php
45cd24b6560bc2f4e403c2cc5dbd9473;vendor/unzerdev/php-sdk/test/unit/Resources/TransactionTypes/DummyTransactionType.php
fcaa8b37f1a82ceb6dba3d6b58b01a41;vendor/unzerdev/php-sdk/test/unit/Resources/TransactionTypes/AuthorizationTest.php
855505d7d60059ccae8ce92062bcd9a5;vendor/unzerdev/php-sdk/test/unit/Resources/TransactionTypes/CancellationTest.php
5f9b74b9a50978fc421f62ed6177e98d;vendor/unzerdev/php-sdk/test/unit/Resources/TransactionTypes/AbstractTransactionTypeTest.php
0d6708b71d9c8575ba182a054d76f2d7;vendor/unzerdev/php-sdk/test/unit/Resources/TransactionTypes/ChargeTest.php
863a56e41d7f340ef31bf6fc5308853e;vendor/unzerdev/php-sdk/test/unit/Resources/BasketTest.php
3b38be198af93d332b4f5fdb5c69db9f;vendor/unzerdev/php-sdk/test/unit/Resources/MetadataTest.php
8e49881a9046c585465771123c43de0f;vendor/unzerdev/php-sdk/test/unit/Resources/PaylaterInstallmentPlansTest.php
a857cc7a7b287b99aa683dbd02433030;vendor/unzerdev/php-sdk/test/unit/Resources/RecurringTest.php
28d798c2f54806a04b34fdbf60165325;vendor/unzerdev/php-sdk/test/unit/Resources/WebhooksTest.php
55c8f63568b8a95322e9f8c62c2c80d9;vendor/unzerdev/php-sdk/test/unit/Resources/InstalmentPlanTest.php
a0b0d29c653fd67f040477f6c9377090;vendor/unzerdev/php-sdk/test/unit/Resources/CustomerFactoryTest.php
64764b6899b8aa3780df619a670f3a42;vendor/unzerdev/php-sdk/test/unit/Resources/WebhookTest.php
9305a2c9ec330ae8e730116239710828;vendor/unzerdev/php-sdk/test/unit/Resources/KeypairTest.php
8e1b69587751e684d738b537f3b9f4c7;vendor/unzerdev/php-sdk/test/unit/Resources/CustomerTest.php
05e5c019ef6349e5dd1b1ea8d02e6179;vendor/unzerdev/php-sdk/test/unit/Resources/ConfigTest.php
4c105264588a0bc8714119445c23ed79;vendor/unzerdev/php-sdk/test/unit/Resources/PaypageV2Test.php
0551c8fa87a6f32bdc3b6d424a7730c9;vendor/unzerdev/php-sdk/test/unit/Resources/DummyUnzerResource.php
500708d41b270db56199238ec7a678ff;vendor/unzerdev/php-sdk/test/unit/DummyResource.php
fe7e73d44aee61689e1a087f1ff27732;vendor/unzerdev/php-sdk/test/bootstrap.php
f4c2cf091b80809d015d69bb78f0844f;vendor/unzerdev/php-sdk/test/integration/PaymentTest.php
d86edb8e8a771902b0f0a5cc027a8c24;vendor/unzerdev/php-sdk/test/integration/PaymentTypes/AlipayTest.php
60d3d5e29202eca1be8c96e132bb89c7;vendor/unzerdev/php-sdk/test/integration/PaymentTypes/InstallmentSecuredTest.php
14a544b8438c3ed62ebdfe2f5523eb26;vendor/unzerdev/php-sdk/test/integration/PaymentTypes/SofortTest.php
ff882a5902f3f2c45b4a711c673b2d1c;vendor/unzerdev/php-sdk/test/integration/PaymentTypes/EPSTest.php
c579a34b18cb399d3dc245510033ae4f;vendor/unzerdev/php-sdk/test/integration/PaymentTypes/GiropayTest.php
c7b76e5bb76f092d28414526cff6296f;vendor/unzerdev/php-sdk/test/integration/PaymentTypes/CardTest.php
2abe3f5b7ec5516c405ba65484fbf354;vendor/unzerdev/php-sdk/test/integration/PaymentTypes/PaylaterInvoiceTest.php
5e8d35d03fa64b8a09d543634a31c617;vendor/unzerdev/php-sdk/test/integration/PaymentTypes/PaylaterInstallmentTest.php
e05854b48b714df0bdc0cf23f4933e39;vendor/unzerdev/php-sdk/test/integration/PaymentTypes/Przelewy24Test.php
638bdf6131a384b6c71ef74a237f5009;vendor/unzerdev/php-sdk/test/integration/PaymentTypes/PayUTest.php
93d22c69af95bb02bffcacd22153e3d3;vendor/unzerdev/php-sdk/test/integration/PaymentTypes/IdealTest.php
c313889561db37bb58b1e12f8e5a2d5c;vendor/unzerdev/php-sdk/test/integration/PaymentTypes/PostFinanceEfinanceTest.php
47d8db22481353a28ebc8b86fb2f0270;vendor/unzerdev/php-sdk/test/integration/PaymentTypes/PaypalTest.php
188732747962e47cc11d1fd088bed3cc;vendor/unzerdev/php-sdk/test/integration/PaymentTypes/PostFinanceCardTest.php
8b2be94c21b7588fa168c0c7ec47dedd;vendor/unzerdev/php-sdk/test/integration/PaymentTypes/InvoiceSecuredTest.php
32f07cd5dd649448e750cfeb87b3a115;vendor/unzerdev/php-sdk/test/integration/PaymentTypes/SepaDirectDebitTest.php
be8d81d889f66425c9b3df8aaa308aab;vendor/unzerdev/php-sdk/test/integration/PaymentTypes/TwintTest.php
96e5f5e9589caac8708a8d9245ec136f;vendor/unzerdev/php-sdk/test/integration/PaymentTypes/GooglePayTest.php
e2f0c2ad81537efe30f3b980b839edc8;vendor/unzerdev/php-sdk/test/integration/PaymentTypes/BancontactTest.php
4d0568fc244daf8c175c51843823a24d;vendor/unzerdev/php-sdk/test/integration/PaymentTypes/WechatpayTest.php
c56b45988630951dcfc0c8a69fe46983;vendor/unzerdev/php-sdk/test/integration/PaymentTypes/SepaDirectDebitSecuredTest.php
ce36b22f68ea27e9060e4a51a71936a1;vendor/unzerdev/php-sdk/test/integration/PaymentTypes/PaylaterDirectDebitTest.php
5e421139755d576e650a37361892044b;vendor/unzerdev/php-sdk/test/integration/PaymentTypes/PISTest.php
4100075bdef99a5493886f3cd071bab1;vendor/unzerdev/php-sdk/test/integration/PaymentTypes/PrepaymentTest.php
1172ad9384eff8055a0b0b4bf6befa74;vendor/unzerdev/php-sdk/test/integration/PaymentTypes/PaypageTest.php
7ed7be9352cee1e99ac581d75203062a;vendor/unzerdev/php-sdk/test/integration/PaymentTypes/ApplepayTest.php
3e33484f5d4a6ceeee0e9e2fdcf33f6e;vendor/unzerdev/php-sdk/test/integration/PaymentTypes/OpenBankingTest.php
e7feed1a254e5333b1a8469750dd8a55;vendor/unzerdev/php-sdk/test/integration/PaymentTypes/InvoiceTest.php
3df540dde80d7f2872b6166f06f552cc;vendor/unzerdev/php-sdk/test/integration/PaymentTypes/ClickToPayTest.php
005c48bc4c921b4a2b695e2f8310c451;vendor/unzerdev/php-sdk/test/integration/PaymentTypes/InvoiceGuaranteedTest.php
d5bd5b607c5da56c61dda951a1c1faa8;vendor/unzerdev/php-sdk/test/integration/PaymentTypes/KlarnaTest.php
68e14fbe9ec515539fc605fe7f0301c5;vendor/unzerdev/php-sdk/test/integration/PaymentTypes/HirePurchaseTest.php
bd23de11a72f5c9f925ff800ef5d2b96;vendor/unzerdev/php-sdk/test/integration/PaymentCancelTest.php
5d9b3c09969ea0752f3d982ff21897ab;vendor/unzerdev/php-sdk/test/integration/TransactionTypes/PayoutTest.php
7445b358c24a528598bd9363ce60af0a;vendor/unzerdev/php-sdk/test/integration/TransactionTypes/PaylaterCancelTest.php
8b1c86b679a8918913fdf37164c850fd;vendor/unzerdev/php-sdk/test/integration/TransactionTypes/ShipmentTest.php
a95799f26594e269182ddea7e3c084b5;vendor/unzerdev/php-sdk/test/integration/TransactionTypes/CancelAfterChargeTest.php
a22ba36e4a3c45c54bc36df62dd4a636;vendor/unzerdev/php-sdk/test/integration/TransactionTypes/ChargeAfterAuthorizationTest.php
a82ed165d0b3ee08c60f73be0a3cdea2;vendor/unzerdev/php-sdk/test/integration/TransactionTypes/AuthorizationTest.php
40893d16f3c3cda0d1d4dc10ecce933b;vendor/unzerdev/php-sdk/test/integration/TransactionTypes/CancelTest.php
d7a1322927ca7755d0f5e49540540e13;vendor/unzerdev/php-sdk/test/integration/TransactionTypes/PreAuthorizationTest.php
0660a6710e59ae9cfbd61be984ba6543;vendor/unzerdev/php-sdk/test/integration/TransactionTypes/CancelAfterAuthorizationTest.php
2f64cf368a9b25f7a40300359aa69087;vendor/unzerdev/php-sdk/test/integration/TransactionTypes/ChargeTest.php
8a45065fd09d3e9c230fec75308d6656;vendor/unzerdev/php-sdk/test/integration/ApplepayAdapterTest.php
cc55344a57936d40df02f7b04fee3760;vendor/unzerdev/php-sdk/test/integration/RecurringPaymentTest.php
ec49c19bbe0ac1c76444f14a39ce91f3;vendor/unzerdev/php-sdk/test/integration/WebhookTest.php
40d75f3e330e339861e8b05bee0155d6;vendor/unzerdev/php-sdk/test/integration/SetMetadataTest.php
bf138b467e6d2731b0aca2e66092b50d;vendor/unzerdev/php-sdk/test/integration/Resources/LinkpayV2Test.php
2f61e94cd276a0e8134f180240b394c5;vendor/unzerdev/php-sdk/test/integration/Resources/BasketTest.php
85c232a1b8a7ef9ddb25ff8486d58f97;vendor/unzerdev/php-sdk/test/integration/Resources/KeypairTest.php
c316f310519ecb2042832a8c9b1ceb45;vendor/unzerdev/php-sdk/test/integration/Resources/CustomerTest.php
1d3f9ae6c57d57fff67ad8e665a48fe6;vendor/unzerdev/php-sdk/test/integration/Resources/ConfigTest.php
c54043c61762d58d122029ba321e2791;vendor/unzerdev/php-sdk/test/integration/Resources/PaypageV2Test.php
810bded21e7931fcd421332b56e0ac35;vendor/unzerdev/php-sdk/test/integration/Resources/BasketV2Test.php
281b8567daa5fb185052501ea191bdac;vendor/unzerdev/php-sdk/test/integration/Resources/AuthTokenTest.php
f10a54b8a5e79e1986be44f2cf90032c;vendor/unzerdev/php-sdk/test/integration/DummyResource.php
b5cd4812669a03576f47293ff8c93208;vendor/unzerdev/php-sdk/test/integration/ExceptionTest.php
7e38b5a3118a4d3c48875bdd5951e9f1;vendor/unzerdev/php-sdk/test/Fixtures/DummyPaypageResource.php
dd56c7e88804f2352c1dcdd889e024e3;vendor/unzerdev/php-sdk/test/Fixtures/jsonData/googlePay/createRequest.json
d41d8cd98f00b204e9800998ecf8427e;vendor/unzerdev/php-sdk/test/Fixtures/jsonData/googlePay/googlepayToken.json
bc03ca4a157c1385fbb2beb0479866db;vendor/unzerdev/php-sdk/test/Fixtures/jsonData/googlePay/fetchResponse.json
0b13de4b63f5cbcc258f65201874860d;vendor/unzerdev/php-sdk/test/Fixtures/jsonData/paymentWithDirectChargeback.json
a345f9cd02ebbed4a0389b6e7f0e3423;vendor/unzerdev/php-sdk/test/Fixtures/jsonData/paymentWithMultipleChargebacks.json
479257fe263661437ba83428b5eacea4;vendor/unzerdev/php-sdk/test/Fixtures/jsonData/paylaterPlansResponse.json
ac2e9e419384b726bad7428cc133ef96;vendor/unzerdev/php-sdk/test/Fixtures/jsonData/openBanking/createRequest.json
76a1641ff2bef335125ca6d8e38e4565;vendor/unzerdev/php-sdk/test/Fixtures/jsonData/openBanking/fetchResponse.json
a8441a121efba5227555da6e57398674;vendor/unzerdev/php-sdk/test/Fixtures/jsonData/sofortResponseWithIban.json
b0833d74dd2e9cf65ef75fb25be5d638;vendor/unzerdev/php-sdk/test/Fixtures/jsonData/chargeback.json
d8d2ff76607f6fa78edab721ebd3d30d;vendor/unzerdev/php-sdk/test/Fixtures/jsonData/clicktopay/createRequest.json
5d8230cbfdfba058282fb1dbfbb1671c;vendor/unzerdev/php-sdk/test/Fixtures/jsonData/clicktopay/fetchResponse.json
f099aeeaaa60c81b21631f15fcd71b06;vendor/unzerdev/php-sdk/test/Fixtures/jsonData/paypage/getResponse.json
9a931127b2eae3c3b8a56a27c6c63570;vendor/unzerdev/php-sdk/test/Fixtures/JsonProvider.php
f3f5137c2d3e4e8e67a64cd049628d4f;vendor/unzerdev/php-sdk/test/Fixtures/CustomerFixtureTrait.php
05d3fb1c1ed6fd901c90b7b6a3dcd4a5;vendor/unzerdev/php-sdk/test/BasePaymentTest.php
89ebe697baeeb27174bdca3648ef1f3f;vendor/unzerdev/php-sdk/phpunit.xml
2a835730131c1caf9963f59289b389bb;vendor/unzerdev/php-sdk/unzer_logo.svg
86d3f3a95c324c9479bd8986968f4327;vendor/unzerdev/php-sdk/LICENSE
82e474803328bb1afbfaf2b535683353;vendor/unzerdev/php-sdk/README.md
4b4c74a4a3408a1fdd1a24092b436037;vendor/paragonie/constant_time_encoding/composer.json
8ef32f214fafd313ef1bd698e18981fa;vendor/paragonie/constant_time_encoding/src/Encoding.php
a263605a07963ec9baf31e5c44be716e;vendor/paragonie/constant_time_encoding/src/RFC4648.php
e61f8952e15e26765bd1f9ccada507d2;vendor/paragonie/constant_time_encoding/src/Base64UrlSafe.php
204b8f234a2b5e219a229970ab000551;vendor/paragonie/constant_time_encoding/src/Base64DotSlash.php
b60e098e49449cd584fcf9a9d758588a;vendor/paragonie/constant_time_encoding/src/EncoderInterface.php
dc2c9d45e0d5c83548de6b5bd5551265;vendor/paragonie/constant_time_encoding/src/Base32Hex.php
582e3553b50b491f524ab6826454aa49;vendor/paragonie/constant_time_encoding/src/Base32.php
e61596a54de1eb767d2c21f6a97feb2c;vendor/paragonie/constant_time_encoding/src/Hex.php
a1b2639f5038f75a2dbbb0a3dcf30fee;vendor/paragonie/constant_time_encoding/src/Base64DotSlashOrdered.php
4f5eec2a49dc48ca28a6202426780669;vendor/paragonie/constant_time_encoding/src/Binary.php
892a130c20b6f3825113ad18b1910d4b;vendor/paragonie/constant_time_encoding/src/Base64.php
7d6c7f3dd70c24f9542a3b5585f90e3e;vendor/paragonie/constant_time_encoding/LICENSE.txt
e59c9475cc52f37643e31569efba9c23;vendor/paragonie/constant_time_encoding/README.md
784efccde8a58c8491c20ef0eca6bf87;vendor/paragonie/random_compat/composer.json
4b54cbf6ccb77afb7ade42183affc554;vendor/paragonie/random_compat/lib/random.php
854df6f8851cae85add168c7a682a24a;vendor/paragonie/random_compat/psalm-autoload.php
8eb7e9dc637fb48d8bddfb470e370f42;vendor/paragonie/random_compat/build-phar.sh
938323773ab0732a3d3ce0a6f3df8493;vendor/paragonie/random_compat/other/build_phar.php
3ec788adbb0519a92243e569789cfcb9;vendor/paragonie/random_compat/dist/random_compat.phar.pubkey.asc
36dae3cf3fd10ae5093aaec29b7b5125;vendor/paragonie/random_compat/dist/random_compat.phar.pubkey
5c1048c9d62123819aa63e62e1578be6;vendor/paragonie/random_compat/LICENSE
473b1cfcc838b577dc9c9e08680e6704;vendor/paragonie/random_compat/psalm.xml
367b887d4d8d95956bd7ef1abf1dffb4;README.md
